sal_code,sal_name,population,median_weekly_rent
SAL20001,Abbeyard,4,0
SAL20002,Abbotsford,9088,425
SAL20003,Aberfeldie,3925,440
SAL20004,Aberfeldy,7,0
SAL20005,Acheron,146,271
SAL20006,Ada,0,0
SAL20007,Adams Estate,83,300
SAL20008,Addington,65,150
SAL20009,Adelaide Lead,85,0
SAL20010,Agnes,61,195
SAL20011,Aintree,7982,420
SAL20012,Aire Valley,0,0
SAL20013,Aireys Inlet,979,350
SAL20014,Airly,160,330
SAL20015,Airport West,8173,401
SAL20016,Albacutya,0,0
SAL20017,Albanvale,5641,325
SAL20018,Albert Park,6044,590
SAL20019,Alberton,297,255
SAL20020,Alberton West,76,210
SAL20021,Albion,4334,301
SAL20022,Alexandra,2801,240
SAL20023,Alfredton,11822,365
SAL20024,Allambee,24,0
SAL20025,Allambee Reserve,96,100
SAL20026,Allambee South,61,260
SAL20027,Allans Flat,297,340
SAL20028,Allansford,1410,268
SAL20029,Allendale,185,187
SAL20030,Allestree,168,263
SAL20031,Alma,195,275
SAL20032,Almonds,31,0
SAL20033,Almurta,66,275
SAL20034,Alphington,5702,451
SAL20035,Altona,11490,385
SAL20036,Altona Meadows,18479,341
SAL20037,Altona North,12962,400
SAL20038,Alvie,141,250
SAL20039,Amherst,63,200
SAL20040,Amor,4,0
SAL20041,Amphitheatre,223,233
SAL20042,Anakie,734,300
SAL20043,Ancona,99,295
SAL20044,Anderson,26,260
SAL20045,Anglers Rest,31,0
SAL20046,Anglesea,3208,405
SAL20047,Annuello,40,0
SAL20048,Antwerp,53,0
SAL20049,Apollo Bay,1790,300
SAL20050,Appin,12,50
SAL20051,Appin South,38,194
SAL20052,Apsley,329,113
SAL20053,Ararat,8500,250
SAL20054,Arawata,92,231
SAL20055,Arbuckle,0,0
SAL20056,Arcadia,212,200
SAL20057,Arcadia South,95,425
SAL20058,Archdale,23,0
SAL20059,Archdale Junction,12,225
SAL20060,Archerton,16,0
SAL20061,Archies Creek,32,300
SAL20062,Ardeer,3170,340
SAL20063,Ardmona,497,220
SAL20064,Areegra,18,0
SAL20065,Argyle,272,255
SAL20066,Armadale,9368,421
SAL20067,Armstrong,90,175
SAL20068,Armstrong Creek,11247,420
SAL20069,Arnold,56,100
SAL20070,Arnold West,19,154
SAL20071,Arthurs Creek,478,218
SAL20072,Arthurs Seat,414,435
SAL20073,Ascot,93,240
SAL20074,Ascot,2571,350
SAL20075,Ascot Vale,15197,370
SAL20076,Ashbourne,242,357
SAL20077,Ashburton,7952,455
SAL20078,Ashwood,7154,391
SAL20079,Aspendale,7285,460
SAL20080,Aspendale Gardens,6427,496
SAL20081,Athlone,147,231
SAL20082,Attwood,3309,358
SAL20083,Aubrey,3,0
SAL20084,Auchmore,5,0
SAL20085,Avalon,255,398
SAL20086,Avenel,1112,300
SAL20087,Avoca,1356,210
SAL20088,Avon Plains,8,0
SAL20089,Avondale Heights,12388,400
SAL20090,Avonmore,42,295
SAL20091,Avonsleigh,844,356
SAL20092,Axe Creek,452,270
SAL20093,Axedale,984,330
SAL20094,Ayrford,39,200
SAL20095,Bacchus Marsh,7808,330
SAL20096,Baddaginnie,347,260
SAL20097,Badger Creek,1610,323
SAL20098,Bael Bael,10,0
SAL20099,Bagshot,355,400
SAL20100,Bagshot North,39,210
SAL20101,Bahgallah,56,175
SAL20102,Bailieston,120,275
SAL20103,Bairnsdale,7905,270
SAL20104,Bakery Hill,180,313
SAL20105,Balaclava,5392,386
SAL20106,Bald Hills,114,230
SAL20107,Balintore,59,300
SAL20108,Ballan,3392,330
SAL20109,Ballangeich,71,150
SAL20110,Ballapur,19,80
SAL20111,Ballarat Central,5378,300
SAL20112,Ballarat East,5937,290
SAL20113,Ballarat North,4041,285
SAL20114,Ballendella,120,120
SAL20115,Balliang,254,300
SAL20116,Balliang East,199,410
SAL20117,Ballyrogan,77,114
SAL20118,Balmattum,135,260
SAL20119,Balmoral,281,100
SAL20120,Balnarring,2371,480
SAL20121,Balnarring Beach,471,423
SAL20122,Balook,9,0
SAL20123,Balwyn,13495,451
SAL20124,Balwyn North,21302,554
SAL20125,Bamawm,491,213
SAL20126,Bamawm Extension,282,160
SAL20127,Bambra,115,300
SAL20128,Bamganie,44,275
SAL20129,Bandiana,855,380
SAL20130,Bangerang,62,200
SAL20131,Bangholme,749,176
SAL20132,Bannerton,78,230
SAL20133,Bannockburn,6470,390
SAL20134,Banyan,22,0
SAL20135,Banyena,27,0
SAL20136,Baranduda,3041,355
SAL20137,Barfold,82,165
SAL20138,Baringhup,185,323
SAL20139,Baringhup West,11,250
SAL20140,Barjarg,141,253
SAL20141,Barkers Creek,487,250
SAL20142,Barkly,49,0
SAL20143,Barkstead,41,0
SAL20144,Barmah,229,190
SAL20145,Barnadown,12,100
SAL20146,Barnawartha,987,293
SAL20147,Barnawartha North,188,210
SAL20148,Baromi,149,298
SAL20149,Barongarook,458,300
SAL20150,Barongarook West,291,370
SAL20151,Barrabool,247,301
SAL20152,Barrakee,22,0
SAL20153,Barramunga,11,220
SAL20154,Barraport,45,235
SAL20155,Barraport West,5,0
SAL20156,Barrys Reef,39,268
SAL20157,Barunah Park,33,0
SAL20158,Barunah Plains,10,0
SAL20159,Barwidgee,96,200
SAL20160,Barwite,269,250
SAL20161,Barwon Downs,136,230
SAL20162,Barwon Heads,4353,450
SAL20163,Basalt,23,0
SAL20164,Bass,405,225
SAL20165,Batesford,1141,325
SAL20166,Bathumi,76,250
SAL20167,Baw Baw,0,0
SAL20168,Baw Baw Village,30,0
SAL20169,Baxter,2166,360
SAL20170,Bayindeen,22,0
SAL20171,Bayles,445,425
SAL20172,Baynton,95,305
SAL20173,Bayswater,12262,375
SAL20174,Bayswater North,9014,360
SAL20175,Beaconsfield,7267,390
SAL20176,Beaconsfield Upper,2997,368
SAL20177,Bealiba,213,130
SAL20178,Bearii,167,185
SAL20179,Bears Lagoon,53,125
SAL20180,Beauchamp,44,185
SAL20181,Beaufort,1712,250
SAL20182,Beaumaris,13947,612
SAL20183,Beazleys Bridge,24,0
SAL20184,Beeac,394,220
SAL20185,Beech Forest,125,185
SAL20186,Beechworth,4274,300
SAL20187,Beenak,17,340
SAL20188,Belgrave,3894,401
SAL20189,Belgrave Heights,1398,373
SAL20190,Belgrave South,1670,450
SAL20191,Bell Park,5602,340
SAL20192,Bell Post Hill,5083,350
SAL20193,Bellarine,169,350
SAL20194,Bellbird Creek,5,0
SAL20195,Bellbrae,1346,380
SAL20196,Bellbridge,393,308
SAL20197,Bellellen,59,0
SAL20198,Bellfield,1996,375
SAL20199,Bellfield,0,0
SAL20200,Bells Beach,151,525
SAL20201,Belmont,15066,350
SAL20202,Bemm River,72,220
SAL20203,Bena,303,285
SAL20204,Benalla,10822,250
SAL20205,Benambra,173,150
SAL20206,Benayeo,69,0
SAL20207,Bend Of Islands,267,300
SAL20208,Bendigo,5652,290
SAL20209,Bendoc,109,158
SAL20210,Bengworden,93,300
SAL20211,Benjeroop,56,0
SAL20212,Benloch,138,417
SAL20213,Bennison,42,0
SAL20214,Bentleigh,17921,480
SAL20215,Bentleigh East,30159,500
SAL20216,Benwerrin,9,0
SAL20217,Beremboke,165,300
SAL20218,Berrimal,52,20
SAL20219,Berringa,194,250
SAL20220,Berringama,35,180
SAL20221,Berriwillock,180,150
SAL20222,Berrybank,37,200
SAL20223,Berrys Creek,174,205
SAL20224,Berwick,50298,400
SAL20225,Bessiebelle,113,140
SAL20226,Bet Bet,135,228
SAL20227,Bete Bolong,84,125
SAL20228,Bete Bolong North,13,0
SAL20229,Bethanga,485,260
SAL20230,Betley,101,193
SAL20231,Beulah,312,78
SAL20232,Beverford,337,150
SAL20233,Beveridge,4642,400
SAL20234,Big Desert,8,0
SAL20235,Big Hill,281,280
SAL20236,Big Hill,38,275
SAL20237,Big Pats Creek,60,185
SAL20238,Biggara,61,0
SAL20239,Billabong,0,0
SAL20240,Bimbourie,11,50
SAL20241,Bindi,49,0
SAL20242,Binginwarri,134,250
SAL20243,Bingo Munjie,8,0
SAL20244,Birchip,694,155
SAL20245,Birchip West,9,0
SAL20246,Birdwoodton,748,300
SAL20247,Birregurra,942,300
SAL20248,Bittern,4276,366
SAL20249,Black Hill,2124,290
SAL20250,Black Range,274,200
SAL20251,Black Rock,6389,541
SAL20252,Blackburn,14478,411
SAL20253,Blackburn North,7627,431
SAL20254,Blackburn South,10939,410
SAL20255,Blackwarry,38,0
SAL20256,Blackwood,387,305
SAL20257,Blairgowrie,2786,400
SAL20258,Blakeville,43,250
SAL20259,Blampied,237,325
SAL20260,Blind Bight,1290,360
SAL20261,Blowhard,82,150
SAL20262,Bo Peep,25,175
SAL20263,Bobinawarrah,100,300
SAL20264,Bochara,84,180
SAL20265,Bogong,8,180
SAL20266,Boho,88,0
SAL20267,Boho South,93,175
SAL20268,Boigbeat,19,150
SAL20269,Boinka,14,0
SAL20270,Boisdale,307,200
SAL20271,Bolangum,4,0
SAL20272,Bolinda,185,550
SAL20273,Bolton,15,0
SAL20274,Bolwarra,647,220
SAL20275,Bolwarrah,48,250
SAL20276,Bona Vista,107,285
SAL20277,Bonang,52,0
SAL20278,Bonbeach,6855,391
SAL20279,Bonegilla,610,225
SAL20280,Boneo,314,400
SAL20281,Bonn,48,0
SAL20282,Bonnie Brook,333,381
SAL20283,Bonnie Doon,666,296
SAL20284,Bonshaw,949,398
SAL20285,Bookaar,159,210
SAL20286,Boola,0,0
SAL20287,Boolarong,5,0
SAL20288,Boolarra,1023,218
SAL20289,Boolarra South,147,2077
SAL20290,Boole Poole,9,0
SAL20291,Boolite,38,100
SAL20292,Boomahnoomoonah,14,150
SAL20293,Boonah,18,350
SAL20294,Boorcan,142,250
SAL20295,Boorhaman,135,300
SAL20296,Boorhaman East,13,0
SAL20297,Boorhaman North,53,215
SAL20298,Boorolite,166,225
SAL20299,Boorool,54,92
SAL20300,Boort,940,180
SAL20301,Boosey,108,461
SAL20302,Boralma,79,290
SAL20303,Bornes Hill,33,65
SAL20304,Boronia,23607,376
SAL20305,Borung,59,300
SAL20306,Bostocks Creek,85,220
SAL20307,Botanic Ridge,6739,404
SAL20308,Boundary Bend,154,162
SAL20309,Bowenvale,209,295
SAL20310,Boweya,51,200
SAL20311,Boweya North,42,260
SAL20312,Bowmans Forest,106,160
SAL20313,Bowser,44,0
SAL20314,Box Hill,14353,381
SAL20315,Box Hill North,12337,425
SAL20316,Box Hill South,8491,425
SAL20317,Boxwood,19,0
SAL20318,Bradford,12,0
SAL20319,Bradvale,46,73
SAL20320,Braeside,25,504
SAL20321,Brandy Creek,94,0
SAL20322,Branxholme,304,170
SAL20323,Bravington,14,0
SAL20324,Braybrook,9682,312
SAL20325,Breakaway Creek,39,168
SAL20326,Breakwater,1060,300
SAL20327,Breamlea,151,389
SAL20328,Brenanah,29,125
SAL20329,Brewster,47,250
SAL20330,Briagolong,1133,250
SAL20331,Briar Hill,3220,411
SAL20332,Bridge Creek,117,200
SAL20333,Bridgewater,133,115
SAL20334,Bridgewater North,54,345
SAL20335,Bridgewater On Loddon,341,215
SAL20336,Bright,2620,300
SAL20337,Brighton,23252,600
SAL20338,Brighton East,16757,600
SAL20339,Brim,181,165
SAL20340,Brimboal,11,0
SAL20341,Brimin,56,225
SAL20342,Brimpaen,80,115
SAL20343,Bringalbert,6,0
SAL20344,Brit Brit,42,140
SAL20345,Broadford,4592,314
SAL20346,Broadmeadows,12524,331
SAL20347,Broadwater,75,115
SAL20348,Brodribb River,29,735
SAL20349,Broken Creek,45,70
SAL20350,Bromley,46,0
SAL20351,Brookfield,10782,350
SAL20352,Brooklyn,1979,391
SAL20353,Brookville,16,100
SAL20354,Broomfield,213,200
SAL20355,Broughton,65,0
SAL20356,Brown Hill,4489,290
SAL20357,Browns Plains,99,200
SAL20358,Bruarong,114,250
SAL20359,Brucknell,127,100
SAL20360,Brumby,0,0
SAL20361,Brunswick,24896,441
SAL20362,Brunswick East,13279,421
SAL20363,Brunswick West,14746,366
SAL20364,Bruthen,820,250
SAL20365,Buangor,112,210
SAL20366,Buchan,201,158
SAL20367,Buchan South,102,125
SAL20368,Buckland,156,275
SAL20369,Buckley,228,360
SAL20370,Buckley Swamp,21,115
SAL20371,Buckrabanyule,52,100
SAL20372,Budgee Budgee,0,0
SAL20373,Budgeree,146,100
SAL20374,Budgerum East,0,0
SAL20375,Buffalo,284,260
SAL20376,Buffalo River,285,130
SAL20377,Bulart,104,250
SAL20378,Buldah,5,0
SAL20379,Bulga,0,0
SAL20380,Bulgana,19,0
SAL20381,Bulla,668,348
SAL20382,Bullaharre,19,330
SAL20383,Bullarook,77,245
SAL20384,Bullarto,89,350
SAL20385,Bullarto South,48,0
SAL20386,Bulleen,11219,459
SAL20387,Bullengarook,714,300
SAL20388,Bullioh,63,250
SAL20389,Bullumwaal,45,315
SAL20390,Buln Buln,551,258
SAL20391,Buln Buln East,182,250
SAL20392,Bumberrah,101,285
SAL20393,Bunbartha,313,275
SAL20394,Bundalaguah,229,233
SAL20395,Bundalong,512,350
SAL20396,Bundalong South,42,285
SAL20397,Bundara,0,0
SAL20398,Bunding,61,450
SAL20399,Bundoora,28068,381
SAL20400,Bung Bong,63,160
SAL20401,Bungador,65,200
SAL20402,Bungal,32,348
SAL20403,Bungalally,93,200
SAL20404,Bungaree,302,245
SAL20405,Bungeet,29,0
SAL20406,Bungeet West,44,210
SAL20407,Bungil,0,0
SAL20408,Bunguluke,18,375
SAL20409,Buninyong,3797,305
SAL20410,Bunkers Hill,270,335
SAL20411,Bunyip,3131,320
SAL20412,Bunyip North,95,414
SAL20413,Buragwonduc,0,0
SAL20414,Burkes Bridge,14,0
SAL20415,Burkes Flat,20,0
SAL20416,Burnbank,47,165
SAL20417,Burnewang,37,340
SAL20418,Burnley,794,440
SAL20419,Burnside,5800,400
SAL20420,Burnside Heights,6377,411
SAL20421,Burramboot,36,0
SAL20422,Burramine,241,253
SAL20423,Burramine South,24,291
SAL20424,Burrowye,24,0
SAL20425,Burrumbeet,249,135
SAL20426,Burwood,15147,411
SAL20427,Burwood East,10675,439
SAL20428,Bushfield,596,350
SAL20429,Bushy Park,49,300
SAL20430,Butchers Ridge,7,0
SAL20431,Buxton,591,348
SAL20432,Byaduk,129,110
SAL20433,Byaduk North,134,325
SAL20434,Byawatha,160,300
SAL20435,Bylands,117,210
SAL20436,Byrneside,161,230
SAL20437,Cabarita,482,250
SAL20438,Cabbage Tree,10,200
SAL20439,Cabbage Tree Creek,52,250
SAL20440,Cadello,25,0
SAL20441,Cairnlea,10038,400
SAL20442,Calder Park,0,0
SAL20443,Caldermeade,181,269
SAL20444,California Gully,4476,251
SAL20445,Calivil,178,100
SAL20446,Callawadda,45,190
SAL20447,Callignee,391,200
SAL20448,Callignee North,42,270
SAL20449,Callignee South,10,145
SAL20450,Calrossie,30,178
SAL20451,Calulu,186,263
SAL20452,Cambarville,0,0
SAL20453,Camberwell,21965,486
SAL20454,Cambrian Hill,292,260
SAL20455,Campbellfield,4977,320
SAL20456,Campbells Bridge,21,175
SAL20457,Campbells Creek,2071,320
SAL20458,Campbells Forest,50,220
SAL20459,Campbelltown,51,200
SAL20460,Camperdown,3354,240
SAL20461,Canadian,4098,300
SAL20462,Canary Island,4,0
SAL20463,Caniambo,82,260
SAL20464,Cann River,197,120
SAL20465,Cannie,16,110
SAL20466,Cannons Creek,650,313
SAL20467,Cannum,45,110
SAL20468,Canterbury,7800,515
SAL20469,Cape Bridgewater,151,283
SAL20470,Cape Clear,148,180
SAL20471,Cape Conran,5,250
SAL20472,Cape Otway,34,351
SAL20473,Cape Paterson,1111,300
SAL20474,Cape Schanck,569,359
SAL20475,Cape Woolamai,2301,340
SAL20476,Capel Sound,5246,350
SAL20477,Capels Crossing,54,175
SAL20478,Carag Carag,61,175
SAL20479,Caralulup,3,0
SAL20480,Caramut,256,150
SAL20481,Carapooee,60,160
SAL20482,Carapooee West,40,0
SAL20483,Carapook,67,120
SAL20484,Carboor,97,120
SAL20485,Cardigan,1064,350
SAL20486,Cardigan Village,957,300
SAL20487,Cardinia,342,390
SAL20488,Cardross,847,200
SAL20489,Cargerie,38,0
SAL20490,Carina,26,85
SAL20491,Caringal,16,185
SAL20492,Carisbrook,1192,223
SAL20493,Carlisle River,168,200
SAL20494,Carlsruhe,382,275
SAL20495,Carlton,16055,365
SAL20496,Carlton North,6177,552
SAL20497,Carlyle,82,200
SAL20498,Carnegie,17909,395
SAL20499,Carngham,171,180
SAL20500,Caroline Springs,24488,400
SAL20501,Carpendeit,115,200
SAL20502,Carrajung,100,250
SAL20503,Carrajung Lower,129,250
SAL20504,Carrajung South,42,0
SAL20505,Carranballac,43,120
SAL20506,Carron,18,0
SAL20507,Carrum,4239,406
SAL20508,Carrum Downs,21976,370
SAL20509,Carwarp,68,118
SAL20510,Cashmore,197,200
SAL20511,Cassilis,21,0
SAL20512,Castella,257,420
SAL20513,Casterton,1673,160
SAL20514,Castle Creek,85,430
SAL20515,Castle Donnington,139,250
SAL20516,Castlemaine,7506,300
SAL20517,Catani,297,210
SAL20518,Cathcart,110,138
SAL20519,Cathkin,27,331
SAL20520,Catumnal,14,0
SAL20521,Caulfield,5748,475
SAL20522,Caulfield East,1293,320
SAL20523,Caulfield North,16903,422
SAL20524,Caulfield South,12328,496
SAL20525,Caveat,59,50
SAL20526,Cavendish,366,175
SAL20527,Ceres,266,250
SAL20528,Chadstone,9552,421
SAL20529,Chandlers Creek,0,0
SAL20530,Chapel Flat,0,0
SAL20531,Chapple Vale,42,0
SAL20532,Charam,42,0
SAL20533,Charlemont,2612,415
SAL20534,Charleroi,82,245
SAL20535,Charlton,1095,200
SAL20536,Chatsworth,49,462
SAL20537,Chelsea,8347,375
SAL20538,Chelsea Heights,5393,412
SAL20539,Cheltenham,23992,430
SAL20540,Chepstowe,60,100
SAL20541,Cherokee,68,300
SAL20542,Cherrypool,3,0
SAL20543,Cheshunt,213,115
SAL20544,Cheshunt South,0,0
SAL20545,Chesney Vale,204,200
SAL20546,Chetwynd,85,123
SAL20547,Chewton,763,300
SAL20548,Chewton Bushlands,50,800
SAL20549,Childers,91,130
SAL20550,Chillingollah,3,80
SAL20551,Chiltern,1580,260
SAL20552,Chiltern Valley,77,140
SAL20553,Chinangin,3,100
SAL20554,Chinkapook,17,0
SAL20555,Chintin,111,450
SAL20556,Chirnside Park,11779,443
SAL20557,Chirrip,8,0
SAL20558,Chocolyn,61,200
SAL20559,Christmas Hills,365,353
SAL20560,Chum Creek,981,361
SAL20561,Churchill,4924,230
SAL20562,Churchill Island,0,0
SAL20563,Chute,13,0
SAL20564,Clarendon,163,350
SAL20565,Claretown,35,280
SAL20566,Clarinda,7441,394
SAL20567,Clarkefield,303,345
SAL20568,Clarkes Hill,75,185
SAL20569,Clayton,18988,400
SAL20570,Clayton South,13381,381
SAL20571,Clear Lake,57,120
SAL20572,Clematis,352,372
SAL20573,Clifton Creek,252,300
SAL20574,Clifton Hill,6606,550
SAL20575,Clifton Springs,7646,350
SAL20576,Clonbinane,347,475
SAL20577,Clover Flat,15,0
SAL20578,Cloverlea,178,235
SAL20579,Club Terrace,25,0
SAL20580,Clunes,1844,220
SAL20581,Clyde,11177,401
SAL20582,Clyde North,31681,410
SAL20583,Clydebank,133,255
SAL20584,Clydesdale,62,195
SAL20585,Coalville,55,0
SAL20586,Cobains,245,240
SAL20587,Cobaw,104,568
SAL20588,Cobbannah,0,0
SAL20589,Cobberas,0,0
SAL20590,Cobblebank,3601,370
SAL20591,Cobden,1804,220
SAL20592,Cobram,6148,250
SAL20593,Cobram East,232,320
SAL20594,Cobrico,72,0
SAL20595,Cobungra,58,0
SAL20596,Coburg,26574,430
SAL20597,Coburg North,8327,401
SAL20598,Cocamba,4,0
SAL20599,Cochranes Creek,9,0
SAL20600,Cockatoo,4408,370
SAL20601,Cocoroc,0,0
SAL20602,Codrington,37,50
SAL20603,Coghills Creek,80,0
SAL20604,Cohuna,2415,185
SAL20605,Coimadai,409,320
SAL20606,Cokum,0,0
SAL20607,Colac,9243,260
SAL20608,Colac Colac,61,200
SAL20609,Colac East,168,230
SAL20610,Colac West,89,230
SAL20611,Colbinabbin,285,200
SAL20612,Colbrook,41,200
SAL20613,Coldstream,2199,371
SAL20614,Coleraine,1062,140
SAL20615,Colignan,305,120
SAL20616,Collingwood,9179,425
SAL20617,Combienbar,7,0
SAL20618,Concongella,146,230
SAL20619,Condah,104,206
SAL20620,Congupna,620,295
SAL20621,Connewarre,953,365
SAL20622,Connewirricoo,23,0
SAL20623,Coojar,38,0
SAL20624,Coolaroo,3193,335
SAL20625,Cooma,94,250
SAL20626,Coomboona,134,320
SAL20627,Coomoora,308,300
SAL20628,Coongulla,229,210
SAL20629,Coonooer Bridge,30,0
SAL20630,Coonooer West,18,0
SAL20631,Cooriemungle,311,180
SAL20632,Cope Cope,42,140
SAL20633,Cora Lynn,220,250
SAL20634,Corack,33,115
SAL20635,Corack East,10,0
SAL20636,Coragulac,171,213
SAL20637,Coral Bank,88,215
SAL20638,Corindhap,131,200
SAL20639,Corinella,1181,320
SAL20640,Corio,15497,280
SAL20641,Corndale,27,0
SAL20642,Cornella,43,0
SAL20643,Cornishtown,94,290
SAL20644,Coronet Bay,1108,281
SAL20645,Corop,161,210
SAL20646,Cororooke,358,230
SAL20647,Corringle,17,225
SAL20648,Corryong,1352,200
SAL20649,Corunnun,119,140
SAL20650,Cosgrove,50,200
SAL20651,Cosgrove South,53,200
SAL20652,Costerfield,70,50
SAL20653,Cotswold,20,100
SAL20654,Cottles Bridge,609,260
SAL20655,Cowa,0,0
SAL20656,Cowangie,33,370
SAL20657,Cowes,6593,331
SAL20658,Cowleys Creek,34,200
SAL20659,Cowwarr,389,215
SAL20660,Craigie,62,0
SAL20661,Craigieburn,65178,380
SAL20662,Cranbourne,21281,342
SAL20663,Cranbourne East,24679,400
SAL20664,Cranbourne North,24683,385
SAL20665,Cranbourne South,3241,470
SAL20666,Cranbourne West,19969,375
SAL20667,Creek Junction,34,180
SAL20668,Creek View,39,0
SAL20669,Creightons Creek,162,250
SAL20670,Cremorne,2158,550
SAL20671,Cressy,176,250
SAL20672,Creswick,3279,275
SAL20673,Creswick North,55,300
SAL20674,Crib Point,3343,340
SAL20675,Crookayan,0,0
SAL20676,Crooked River,5,0
SAL20677,Cross Roads,27,180
SAL20678,Crossley,235,265
SAL20679,Crossover,161,350
SAL20680,Crowlands,72,119
SAL20681,Croxton East,70,250
SAL20682,Croydon,28608,380
SAL20683,Croydon Hills,4839,491
SAL20684,Croydon North,8092,410
SAL20685,Croydon South,4759,410
SAL20686,Crymelon,15,200
SAL20687,Cudgee,311,225
SAL20688,Cudgewa,254,130
SAL20689,Culgoa,86,55
SAL20690,Culla,31,65
SAL20691,Cullen,36,195
SAL20692,Cullulleraine,81,105
SAL20693,Cundare,15,0
SAL20694,Cundare North,10,270
SAL20695,Curdies River,25,75
SAL20696,Curdievale,125,190
SAL20697,Curlewis,4175,405
SAL20698,Curyo,20,60
SAL20699,Dadswells Bridge,69,196
SAL20700,Daisy Hill,398,230
SAL20701,Dales Creek,403,271
SAL20702,Dallas,6762,323
SAL20703,Dalmore,142,300
SAL20704,Daltons Bridge,57,0
SAL20705,Dalyenong,0,0
SAL20706,Dalyston,843,280
SAL20707,Dandenong,30127,319
SAL20708,Dandenong North,22550,341
SAL20709,Dandenong South,125,245
SAL20710,Dandongadale,8,0
SAL20711,Dargo,105,160
SAL20712,Darley,9190,320
SAL20713,Darlimurla,46,0
SAL20714,Darlington,84,155
SAL20715,Darnum,759,307
SAL20716,Darraweit Guim,402,261
SAL20717,Darriman,12,0
SAL20718,Dartmoor,299,153
SAL20719,Dartmouth,130,200
SAL20720,Dawson,40,230
SAL20721,Daylesford,2781,331
SAL20722,Dean,132,260
SAL20723,Deans Marsh,368,288
SAL20724,Deanside,654,401
SAL20725,Deddick Valley,12,50
SAL20726,Dederang,198,162
SAL20727,Deep Lead,210,450
SAL20728,Deepdene,2101,501
SAL20729,Deer Park,18145,350
SAL20730,Delacombe,5408,310
SAL20731,Delahey,8077,350
SAL20732,Delatite,13,150
SAL20733,Delburn,37,220
SAL20734,Delegate River,41,0
SAL20735,Denicull Creek,19,0
SAL20736,Denison,453,200
SAL20737,Dennington,1994,370
SAL20738,Denver,148,350
SAL20739,Deptford,0,0
SAL20740,Derby,18,92
SAL20741,Dereel,664,300
SAL20742,Dergholm,57,130
SAL20743,Derrimut,8651,400
SAL20744,Derrinal,99,320
SAL20745,Derrinallum,386,170
SAL20746,Devenish,208,245
SAL20747,Devils River,14,0
SAL20748,Devon Meadows,1551,392
SAL20749,Devon North,352,250
SAL20750,Dewhurst,151,300
SAL20751,Dhurringile,369,215
SAL20752,Diamond Creek,12503,430
SAL20753,Digby,122,120
SAL20754,Diggers Rest,5669,397
SAL20755,Diggora,78,200
SAL20756,Dimboola,1635,170
SAL20757,Dingee,195,100
SAL20758,Dingley Village,10495,450
SAL20759,Dingwall,99,215
SAL20760,Dinner Plain,128,269
SAL20761,Dixie,148,245
SAL20762,Dixons Creek,344,330
SAL20763,Dobie,33,346
SAL20764,Docker,106,250
SAL20765,Dockers Plains,59,195
SAL20766,Docklands,15495,411
SAL20767,Doctors Flat,13,0
SAL20768,Dollar,61,258
SAL20769,Don Valley,586,270
SAL20770,Donald,1472,180
SAL20771,Doncaster,25020,450
SAL20772,Doncaster East,30926,462
SAL20773,Donnybrook,2100,401
SAL20774,Donvale,12644,450
SAL20775,Dooboobetic,13,92
SAL20776,Dooen,250,150
SAL20777,Dookie,333,210
SAL20778,Dookie College,51,185
SAL20779,Doreen,27122,397
SAL20780,Dorodong,21,100
SAL20781,Double Bridges,0,0
SAL20782,Douglas,74,0
SAL20783,Doveton,9603,320
SAL20784,Dreeite,77,350
SAL20785,Dreeite South,28,0
SAL20786,Driffield,101,225
SAL20787,Drik Drik,46,160
SAL20788,Dromana,6626,380
SAL20789,Dropmore,19,0
SAL20790,Drouin,15287,330
SAL20791,Drouin East,177,298
SAL20792,Drouin South,343,313
SAL20793,Drouin West,361,193
SAL20794,Drumanure,41,320
SAL20795,Drumborg,160,180
SAL20796,Drumcondra,571,331
SAL20797,Drummartin,42,100
SAL20798,Drummond,294,380
SAL20799,Drummond North,203,230
SAL20800,Drung,119,190
SAL20801,Dry Diggings,41,321
SAL20802,Drysdale,4976,340
SAL20803,Duchembegarra,47,0
SAL20804,Dumbalk,455,268
SAL20805,Dumbalk North,90,400
SAL20806,Dumosa,18,0
SAL20807,Dunach,83,200
SAL20808,Dundonnell,52,255
SAL20809,Dunkeld,688,220
SAL20810,Dunluce,36,0
SAL20811,Dunneworthy,15,160
SAL20812,Dunnstown,259,175
SAL20813,Dunolly,899,192
SAL20814,Dunrobin,70,0
SAL20815,Durdidwarrah,12,230
SAL20816,Durham Lead,408,412
SAL20817,Durham Ox,60,115
SAL20818,Dutson,32,500
SAL20819,Dutson Downs,0,0
SAL20820,Dutton Way,91,210
SAL20821,Duverney,23,0
SAL20822,Eagle Point,1306,310
SAL20823,Eaglehawk,5538,265
SAL20824,Eaglehawk North,13,0
SAL20825,Eaglemont,3960,453
SAL20826,Earlston,82,0
SAL20827,East Bairnsdale,1352,250
SAL20828,East Bendigo,2246,295
SAL20829,East Geelong,4012,350
SAL20830,East Melbourne,4896,480
SAL20831,East Sale,210,75
SAL20832,East Wangaratta,66,231
SAL20833,East Warburton,906,300
SAL20834,Eastern View,47,0
SAL20835,Eastville,13,250
SAL20836,Eastwood,2855,370
SAL20837,Ebden,110,100
SAL20838,Echuca,15056,285
SAL20839,Echuca Village,577,250
SAL20840,Echuca West,442,350
SAL20841,Ecklin South,222,200
SAL20842,Eddington,113,180
SAL20843,Eden Park,1194,381
SAL20844,Edenhope,937,165
SAL20845,Edgecombe,103,0
SAL20846,Edi,60,263
SAL20847,Edi Upper,109,150
SAL20848,Edithvale,6276,429
SAL20849,Eganstown,206,200
SAL20850,Eildon,944,250
SAL20851,Elaine,232,166
SAL20852,Eldorado,382,225
SAL20853,Elevated Plains,39,0
SAL20854,Elingamite,57,0
SAL20855,Elingamite North,118,150
SAL20856,Elizabeth Island,0,0
SAL20857,Ellaswood,206,280
SAL20858,Ellerslie,157,141
SAL20859,Elliminyt,3260,290
SAL20860,Ellinbank,229,225
SAL20861,Elmhurst,185,97
SAL20862,Elmore,847,220
SAL20863,Elphinstone,633,203
SAL20864,Elsternwick,10887,441
SAL20865,Eltham,18847,440
SAL20866,Eltham North,6830,512
SAL20867,Elwood,15153,415
SAL20868,Emerald,5890,400
SAL20869,Emu,37,203
SAL20870,Emu Creek,376,320
SAL20871,Endeavour Hills,24455,375
SAL20872,Enfield,574,285
SAL20873,Englefield,23,0
SAL20874,Enochs Point,3,0
SAL20875,Ensay,155,150
SAL20876,Ensay North,29,0
SAL20877,Eppalock,746,320
SAL20878,Epping,33489,361
SAL20879,Epsom,5014,340
SAL20880,Ercildoune,90,200
SAL20881,Erica,184,203
SAL20882,Errinundra,0,0
SAL20883,Eskdale,238,175
SAL20884,Esmond,17,0
SAL20885,Essendon,21240,380
SAL20886,Essendon Fields,13,0
SAL20887,Essendon North,3071,360
SAL20888,Essendon West,1559,450
SAL20889,Eumemmerring,2285,323
SAL20890,Eurack,43,200
SAL20891,Eureka,633,270
SAL20892,Euroa,3508,250
SAL20893,Eurobin,239,225
SAL20894,Evansford,147,180
SAL20895,Eversley,14,0
SAL20896,Everton,193,210
SAL20897,Everton Upper,154,270
SAL20898,Exford,133,429
SAL20899,Eynesbury,2838,380
SAL20900,Fairbank,52,0
SAL20901,Fairfield,6535,369
SAL20902,Fairhaven,390,340
SAL20903,Fairley,14,0
SAL20904,Fairy Dell,93,265
SAL20905,Fairy Dell,0,0
SAL20906,Falls Creek,326,539
SAL20907,Faraday,194,315
SAL20908,Fawcett,82,425
SAL20909,Fawkner,14274,376
SAL20910,Fentons Creek,27,0
SAL20911,Ferguson,13,220
SAL20912,Fern Hill,125,231
SAL20913,Fernbank,194,200
SAL20914,Ferndale,48,0
SAL20915,Fernihurst,32,0
SAL20916,Fernshaw,0,0
SAL20917,Ferntree Gully,27398,386
SAL20918,Ferny Creek,1524,400
SAL20919,Fiery Flat,28,0
SAL20920,Fingal,637,418
SAL20921,Fish Creek,858,235
SAL20922,Fish Point,11,230
SAL20923,Fiskville,18,100
SAL20924,Fitzroy,10431,451
SAL20925,Fitzroy North,12781,481
SAL20926,Flaggy Creek,104,200
SAL20927,Flagstaff,97,235
SAL20928,Flamingo Beach,0,0
SAL20929,Flemington,7025,300
SAL20930,Flinders,1130,451
SAL20931,Flora Hill,3989,290
SAL20932,Flowerdale,790,286
SAL20933,Flynn,188,258
SAL20934,Flynns Creek,12,0
SAL20935,Footscray,17131,355
SAL20936,Forbes,158,425
SAL20937,Forest Hill,10780,396
SAL20938,Forge Creek,346,220
SAL20939,Forrest,257,290
SAL20940,Foster,2044,240
SAL20941,Foster North,152,385
SAL20942,Fosterville,57,240
SAL20943,Foxhow,31,0
SAL20944,Framlingham,169,140
SAL20945,Framlingham East,25,150
SAL20946,Franklinford,71,500
SAL20947,Frankston,37331,342
SAL20948,Frankston North,5711,315
SAL20949,Frankston South,18801,420
SAL20950,Fraser Rise,9097,431
SAL20951,Freeburgh,136,350
SAL20952,French Island,141,346
SAL20953,Frenchmans,7,0
SAL20954,Freshwater Creek,454,300
SAL20955,Fryerstown,232,275
SAL20956,Fulham,994,133
SAL20957,Fumina,11,0
SAL20958,Fumina South,65,230
SAL20959,Fyans Creek,47,175
SAL20960,Fyansford,1206,485
SAL20961,Gaffneys Creek,3,400
SAL20962,Gainsborough,61,125
SAL20963,Gannawarra,110,100
SAL20964,Gapsted,156,256
SAL20965,Gardenvale,1019,301
SAL20966,Garfield,2114,330
SAL20967,Garfield North,236,387
SAL20968,Garibaldi,131,0
SAL20969,Garvoc,248,200
SAL20970,Gateway Island,0,0
SAL20971,Gatum,35,200
SAL20972,Gazette,42,200
SAL20973,Geelong,5811,370
SAL20974,Geelong West,7345,350
SAL20975,Gelantipy,23,125
SAL20976,Gellibrand,230,235
SAL20977,Gellibrand Lower,19,438
SAL20978,Gelliondale,43,300
SAL20979,Gembrook,2559,360
SAL20980,Genoa,66,0
SAL20981,Gentle Annie,0,0
SAL20982,Georges Creek,75,210
SAL20983,Gerahmin,11,0
SAL20984,Gerang Gerung,65,110
SAL20985,Gerangamete,112,205
SAL20986,Germania,17,200
SAL20987,Germantown,0,0
SAL20988,Gerrigerrup,31,250
SAL20989,Gherang,391,324
SAL20990,Gheringhap,132,460
SAL20991,Ghin Ghin,64,0
SAL20992,Giffard,73,255
SAL20993,Giffard West,72,248
SAL20994,Gil Gil,23,0
SAL20995,Gilderoy,62,550
SAL20996,Gillieston,45,210
SAL20997,Gillum,0,0
SAL20998,Gipsy Point,31,90
SAL20999,Girgarre,563,180
SAL21000,Girgarre East,143,275
SAL21001,Gisborne,10142,423
SAL21002,Gisborne South,854,462
SAL21003,Gladfield,32,225
SAL21004,Gladstone Park,8213,381
SAL21005,Gladysdale,423,300
SAL21006,Glen Alvie,182,243
SAL21007,Glen Creek,59,210
SAL21008,Glen Forbes,118,308
SAL21009,Glen Huntly,4905,391
SAL21010,Glen Iris,26131,450
SAL21011,Glen Park,110,0
SAL21012,Glen Valley,23,0
SAL21013,Glen Waverley,42642,480
SAL21014,Glen Wills,4,0
SAL21015,Glenaire,33,0
SAL21016,Glenaladale,48,100
SAL21017,Glenalbyn,21,280
SAL21018,Glenaroua,208,275
SAL21019,Glenbrae,30,275
SAL21020,Glenburn,443,320
SAL21021,Glendaruel,49,515
SAL21022,Glendonald,12,0
SAL21023,Glenfalloch,0,0
SAL21024,Glenfyne,131,125
SAL21025,Glengarry,1113,270
SAL21026,Glengarry North,215,225
SAL21027,Glengarry West,155,250
SAL21028,Glengower,15,0
SAL21029,Glenhope,66,162
SAL21030,Glenhope East,17,100
SAL21031,Glenisla,23,34
SAL21032,Glenlee,71,185
SAL21033,Glenlofty,11,250
SAL21034,Glenlogie,29,0
SAL21035,Glenloth,7,100
SAL21036,Glenloth East,14,0
SAL21037,Glenluce,17,0
SAL21038,Glenlyon,431,306
SAL21039,Glenmaggie,279,250
SAL21040,Glenmore,75,100
SAL21041,Glenorchy,131,150
SAL21042,Glenormiston North,63,100
SAL21043,Glenormiston South,123,220
SAL21044,Glenpatrick,13,0
SAL21045,Glenrowan,1049,280
SAL21046,Glenrowan West,75,160
SAL21047,Glenroy,23792,369
SAL21048,Glenthompson,256,183
SAL21049,Glomar Beach,21,0
SAL21050,Gnarwarre,297,390
SAL21051,Gnotuk,120,130
SAL21052,Gobarup,45,400
SAL21053,Gobur,102,290
SAL21054,Golden Beach,356,200
SAL21055,Golden Gully,213,315
SAL21056,Golden Point,2217,290
SAL21057,Golden Point,102,300
SAL21058,Golden Square,9220,295
SAL21059,Goldie,253,345
SAL21060,Goldsborough,37,0
SAL21061,Gong Gong,6,0
SAL21062,Gonn Crossing,50,150
SAL21063,Goomalibee,91,200
SAL21064,Goon Nure,137,200
SAL21065,Goongerah,31,104
SAL21066,Gooram,141,165
SAL21067,Gooramadda,62,290
SAL21068,Goorambat,269,190
SAL21069,Goornong,718,245
SAL21070,Gooroc,19,105
SAL21071,Gorae,236,460
SAL21072,Gorae West,237,218
SAL21073,Gordon,1393,320
SAL21074,Gormandale,324,113
SAL21075,Goroke,295,100
SAL21076,Goschen,35,150
SAL21077,Goughs Bay,328,268
SAL21078,Goulburn Weir,90,130
SAL21079,Gowanbrae,2971,445
SAL21080,Gowanford,8,0
SAL21081,Gowangardie,18,0
SAL21082,Gowar East,23,0
SAL21083,Gower,45,300
SAL21084,Grahamvale,685,160
SAL21085,Grampians,0,0
SAL21086,Grand Ridge,10,0
SAL21087,Grangefields,132,480
SAL21088,Granite Rock,261,0
SAL21089,Grantville,1168,300
SAL21090,Granya,88,330
SAL21091,Grassdale,54,0
SAL21092,Grassmere,385,295
SAL21093,Grays Bridge,0,0
SAL21094,Graytown,60,169
SAL21095,Gre Gre,10,0
SAL21096,Gre Gre North,13,50
SAL21097,Gre Gre South,19,0
SAL21098,Great Western,425,200
SAL21099,Gredgwin,13,0
SAL21100,Green Gully,71,163
SAL21101,Greendale,623,375
SAL21102,Greenhill,60,380
SAL21103,Greens Creek,52,0
SAL21104,Greensborough,21070,404
SAL21105,Greenvale,21274,430
SAL21106,Greenwald,58,150
SAL21107,Grenville,113,0
SAL21108,Greta,86,250
SAL21109,Greta South,131,205
SAL21110,Greta West,157,215
SAL21111,Grey River,4,0
SAL21112,Gringegalgona,44,200
SAL21113,Gritjurk,61,0
SAL21114,Grovedale,14869,350
SAL21115,Gruyere,966,296
SAL21116,Guildford,330,250
SAL21117,Gunbower,578,185
SAL21118,Gundowring,208,250
SAL21119,Gunyah,0,0
SAL21120,Guys Forest,20,0
SAL21121,Guys Hill,388,0
SAL21122,Gymbowen,60,90
SAL21123,Haddon,1276,400
SAL21124,Hadfield,6269,370
SAL21125,Hallam,11355,361
SAL21126,Hallora,136,314
SAL21127,Halls Gap,495,250
SAL21128,Hallston,157,1300
SAL21129,Hamilton,10346,235
SAL21130,Hamlyn Heights,6518,345
SAL21131,Hampton,13518,500
SAL21132,Hampton East,5069,400
SAL21133,Hampton Park,26082,351
SAL21134,Hansonville,155,275
SAL21135,Happy Valley,87,150
SAL21136,Happy Valley,75,218
SAL21137,Harcourt,1038,305
SAL21138,Harcourt North,291,285
SAL21139,Harkaway,1011,375
SAL21140,Harkness,12463,350
SAL21141,Harmers Haven,62,200
SAL21142,Harrietville,488,290
SAL21143,Harrow,184,85
SAL21144,Harston,167,230
SAL21145,Hastings,10369,320
SAL21146,Hattah,27,0
SAL21147,Havelock,83,230
SAL21148,Haven,1443,303
SAL21149,Havilah,22,0
SAL21150,Hawkesdale,311,180
SAL21151,Hawkhurst,6,0
SAL21152,Hawthorn,22322,400
SAL21153,Hawthorn East,14834,415
SAL21154,Hazel Park,55,200
SAL21155,Hazelwood,189,203
SAL21156,Hazelwood North,1552,235
SAL21157,Hazelwood South,289,0
SAL21158,Healesville,7589,350
SAL21159,Heath Hill,189,250
SAL21160,Heathcote,2962,255
SAL21161,Heathcote Junction,811,325
SAL21162,Heathcote South,22,320
SAL21163,Heatherton,2826,471
SAL21164,Heathmere,238,200
SAL21165,Heathmont,9933,400
SAL21166,Hedley,108,190
SAL21167,Heidelberg,7360,400
SAL21168,Heidelberg Heights,6758,381
SAL21169,Heidelberg West,5252,306
SAL21170,Hensley Park,75,231
SAL21171,Henty,75,0
SAL21172,Hepburn,631,350
SAL21173,Hepburn Springs,368,341
SAL21174,Herne Hill,3507,270
SAL21175,Hernes Oak,365,100
SAL21176,Hesket,178,200
SAL21177,Hesse,14,200
SAL21178,Hexham,130,175
SAL21179,Heyfield,2050,210
SAL21180,Heytesbury Lower,39,100
SAL21181,Heywood,1815,180
SAL21182,Hiamdale,36,0
SAL21183,Hiawatha,18,200
SAL21184,High Camp,122,300
SAL21185,Highett,12016,430
SAL21186,Highlands,151,158
SAL21187,Highton,20736,360
SAL21188,Hilgay,29,222
SAL21189,Hill End,171,300
SAL21190,Hillcrest,99,0
SAL21191,Hilldene,330,250
SAL21192,Hillside,290,385
SAL21193,Hillside,17331,380
SAL21194,Hinnomunjie,21,0
SAL21195,Hmas Cerberus,1124,260
SAL21196,Hoddles Creek,676,365
SAL21197,Hollands Landing,28,100
SAL21198,Homebush,31,195
SAL21199,Homerton,36,0
SAL21200,Homewood,70,323
SAL21201,Hopetoun,694,150
SAL21202,Hopetoun Park,914,375
SAL21203,Hoppers Crossing,37216,340
SAL21204,Hordern Vale,44,228
SAL21205,Horfield,93,183
SAL21206,Horsham,15134,245
SAL21207,Hotham Heights,128,470
SAL21208,Hotspur,34,150
SAL21209,Howes Creek,67,238
SAL21210,Howitt Plains,0,0
SAL21211,Howqua,158,0
SAL21212,Howqua Hills,5,0
SAL21213,Howqua Inlet,63,294
SAL21214,Hughesdale,7563,416
SAL21215,Humevale,352,330
SAL21216,Hunter,23,0
SAL21217,Hunterston,20,150
SAL21218,Huntingdale,1949,400
SAL21219,Huntly,3585,360
SAL21220,Huntly North,46,220
SAL21221,Huon,206,253
SAL21222,Huon Creek,320,460
SAL21223,Hurstbridge,3554,420
SAL21224,Icy Creek,28,250
SAL21225,Iguana Creek,51,198
SAL21226,Illabarook,41,250
SAL21227,Illawarra,80,300
SAL21228,Illowa,304,380
SAL21229,Indented Head,1391,346
SAL21230,Indigo Valley,346,235
SAL21231,Inglewood,886,200
SAL21232,Ingliston,96,400
SAL21233,Invergordon,601,230
SAL21234,Inverleigh,1746,300
SAL21235,Inverloch,6526,346
SAL21236,Invermay,900,325
SAL21237,Invermay Park,1692,340
SAL21238,Iona,240,250
SAL21239,Iraak,118,192
SAL21240,Irishtown,16,0
SAL21241,Ironbark,1163,275
SAL21242,Irrewarra,365,238
SAL21243,Irrewillipe,100,229
SAL21244,Irrewillipe East,84,238
SAL21245,Irymple,5977,260
SAL21246,Ivanhoe,13374,430
SAL21247,Ivanhoe East,3762,451
SAL21248,Jacana,2187,335
SAL21249,Jack River,161,228
SAL21250,Jackass Flat,1907,340
SAL21251,Jacob Creek,28,0
SAL21252,Jam Jerrup,106,231
SAL21253,Jamieson,382,200
SAL21254,Jan Juc,4151,473
SAL21255,Jancourt,16,150
SAL21256,Jancourt East,185,241
SAL21257,Jarklin,49,0
SAL21258,Jarrahmond,117,238
SAL21259,Jarvis Creek,46,100
SAL21260,Jeeralang,76,0
SAL21261,Jeeralang Junction,584,250
SAL21262,Jeetho,124,295
SAL21263,Jeffcott,34,0
SAL21264,Jeffcott North,18,100
SAL21265,Jeparit,476,120
SAL21266,Jericho,0,0
SAL21267,Jeruk,6,0
SAL21268,Jil Jil,17,0
SAL21269,Jindivick,584,381
SAL21270,Joel Joel,17,160
SAL21271,Joel South,26,75
SAL21272,Johanna,85,200
SAL21273,Johnsonville,326,325
SAL21274,Joyces Creek,20,0
SAL21275,Jumbuk,42,138
SAL21276,Jumbunna,150,225
SAL21277,Junction Village,1051,326
SAL21278,Jungaburra,0,0
SAL21279,Junortoun,3862,380
SAL21280,Kaarimba,93,200
SAL21281,Kadnook,41,290
SAL21282,Kalimna,1350,280
SAL21283,Kalimna West,161,225
SAL21284,Kalkallo,5548,400
SAL21285,Kalkee,48,0
SAL21286,Kallista,1418,347
SAL21287,Kalorama,1277,416
SAL21288,Kalpienung,28,0
SAL21289,Kamarooka,89,205
SAL21290,Kamarooka North,9,0
SAL21291,Kanagulk,28,95
SAL21292,Kancoona,74,200
SAL21293,Kangaroo Flat,11328,285
SAL21294,Kangaroo Ground,1208,383
SAL21295,Kaniva,891,125
SAL21296,Kanumbra,53,120
SAL21297,Kanya,17,0
SAL21298,Kanyapella,51,205
SAL21299,Karabeal,29,0
SAL21300,Kardella,169,0
SAL21301,Kardella South,135,325
SAL21302,Kariah,94,163
SAL21303,Karnak,9,92
SAL21304,Karramomus,40,225
SAL21305,Karyrie,15,230
SAL21306,Katamatite,453,185
SAL21307,Katamatite East,30,200
SAL21308,Katandra,120,170
SAL21309,Katandra West,492,195
SAL21310,Katunga,1025,240
SAL21311,Kawarren,189,165
SAL21312,Kealba,3226,370
SAL21313,Keely,57,110
SAL21314,Keilor,5906,400
SAL21315,Keilor Downs,9857,360
SAL21316,Keilor East,15078,406
SAL21317,Keilor Lodge,1668,421
SAL21318,Keilor North,67,300
SAL21319,Keilor Park,2684,392
SAL21320,Kellalac,13,79
SAL21321,Kelvin View,76,300
SAL21322,Kenley,64,73
SAL21323,Kenmare,3,0
SAL21324,Kennedys Creek,44,120
SAL21325,Kennett River,74,320
SAL21326,Kennington,5880,290
SAL21327,Kensington,10745,416
SAL21328,Kerang,3960,200
SAL21329,Kerang East,44,180
SAL21330,Kergunyah,232,115
SAL21331,Kergunyah South,76,400
SAL21332,Kernot,118,140
SAL21333,Kerrie,83,210
SAL21334,Kerrisdale,86,138
SAL21335,Kevington,36,0
SAL21336,Kew,24499,476
SAL21337,Kew East,6620,471
SAL21338,Kewell,57,211
SAL21339,Keysborough,30018,421
SAL21340,Kialla,8667,380
SAL21341,Kialla East,170,250
SAL21342,Kialla West,415,261
SAL21343,Kiata,64,0
SAL21344,Kiewa,483,290
SAL21345,Kilcunda,578,315
SAL21346,Killara,9,100
SAL21347,Killara,1485,400
SAL21348,Killarney,195,300
SAL21349,Killawarra,391,200
SAL21350,Killingworth,156,231
SAL21351,Kilmany,165,210
SAL21352,Kilmore,9207,340
SAL21353,Kilmore East,450,248
SAL21354,Kilsyth,11699,391
SAL21355,Kilsyth South,2862,426
SAL21356,Kimbolton,96,250
SAL21357,King Valley,87,325
SAL21358,Kinglake,1662,300
SAL21359,Kinglake Central,413,330
SAL21360,Kinglake West,1305,360
SAL21361,Kingower,46,0
SAL21362,Kings Park,8203,321
SAL21363,Kingsbury,3460,361
SAL21364,Kingston,190,230
SAL21365,Kingsville,3920,355
SAL21366,Kinnabulla,26,58
SAL21367,Kinypanial,12,200
SAL21368,Kirkstall,406,270
SAL21369,Kirwans Bridge,134,330
SAL21370,Kithbrook,67,175
SAL21371,Knebsworth,22,0
SAL21372,Knockwood,0,0
SAL21373,Knowsley,168,315
SAL21374,Knoxfield,7645,421
SAL21375,Koallah,28,210
SAL21376,Koetong,26,305
SAL21377,Kolora,188,180
SAL21378,Kongwak,207,138
SAL21379,Konongwootong,60,300
SAL21380,Koo Wee Rup,4047,320
SAL21381,Koo Wee Rup North,47,42
SAL21382,Kooloonong,19,0
SAL21383,Koonda,26,0
SAL21384,Koondrook,1101,200
SAL21385,Koonoomoo,305,200
SAL21386,Koonwarra,366,252
SAL21387,Kooreh,29,0
SAL21388,Koorlong,397,280
SAL21389,Koornalla,89,0
SAL21390,Kooroocheang,41,0
SAL21391,Koorool,0,0
SAL21392,Koorooman,115,330
SAL21393,Kooyong,842,590
SAL21394,Koriella,66,250
SAL21395,Korobeit,75,378
SAL21396,Koroit,2184,280
SAL21397,Korong Vale,143,130
SAL21398,Koroop,63,160
SAL21399,Korumburra,4749,270
SAL21400,Korumburra South,114,225
SAL21401,Korweinguboora,196,175
SAL21402,Kotta,134,170
SAL21403,Kotupna,132,83
SAL21404,Koyuga,355,115
SAL21405,Krowera,134,225
SAL21406,Kulwin,16,150
SAL21407,Kunat,45,120
SAL21408,Kurraca,5,300
SAL21409,Kurraca West,0,0
SAL21410,Kurting,61,230
SAL21411,Kurunjang,10711,321
SAL21412,Kyabram,7416,220
SAL21413,Kyabram South,69,175
SAL21414,Kyneton,7513,360
SAL21415,Kyneton South,116,282
SAL21416,Kyvalley,363,150
SAL21417,Laanecoorie,179,1550
SAL21418,Laang,115,170
SAL21419,Labertouche,386,411
SAL21420,Laceby,304,250
SAL21421,Ladys Pass,118,400
SAL21422,Laen,4,0
SAL21423,Laen East,6,135
SAL21424,Laen North,14,0
SAL21425,Lah,57,0
SAL21426,Laharum,162,185
SAL21427,Lake Boga,982,200
SAL21428,Lake Bolac,368,150
SAL21429,Lake Bunga,408,280
SAL21430,Lake Charm,147,188
SAL21431,Lake Condah,9,0
SAL21432,Lake Eildon,3,0
SAL21433,Lake Eppalock,0,0
SAL21434,Lake Fyans,23,300
SAL21435,Lake Gardens,1801,360
SAL21436,Lake Goldsmith,22,1
SAL21437,Lake Lonsdale,58,50
SAL21438,Lake Marmal,21,0
SAL21439,Lake Meran,22,130
SAL21440,Lake Mundi,37,180
SAL21441,Lake Powell,86,130
SAL21442,Lake Rowan,70,0
SAL21443,Lake Tyers,4,0
SAL21444,Lake Tyers Beach,802,275
SAL21445,Lake Tyrrell,0,0
SAL21446,Lake Wellington,0,0
SAL21447,Lake Wendouree,2878,321
SAL21448,Lake Wongan,3,0
SAL21449,Lakes Entrance,5145,252
SAL21450,Lal Lal,621,290
SAL21451,Lalbert,138,168
SAL21452,Lalor,23219,351
SAL21453,Lamplough,49,140
SAL21454,Lancaster,398,200
SAL21455,Lance Creek,143,200
SAL21456,Lancefield,2743,360
SAL21457,Landsborough,200,210
SAL21458,Landsborough West,49,160
SAL21459,Lang Lang,2556,310
SAL21460,Lang Lang East,94,300
SAL21461,Langdons Hill,23,0
SAL21462,Langi Kal Kal,336,135
SAL21463,Langi Logan,23,175
SAL21464,Langkoop,100,110
SAL21465,Langley,52,0
SAL21466,Langsborough,100,283
SAL21467,Langwarrin,23588,365
SAL21468,Langwarrin South,1346,346
SAL21469,Lara,19014,370
SAL21470,Lardner,110,373
SAL21471,Larpent,200,260
SAL21472,Lascelles,82,100
SAL21473,Launching Place,2495,350
SAL21474,Lauriston,247,320
SAL21475,Lavers Hill,87,100
SAL21476,Laverton,4760,330
SAL21477,Laverton North,119,240
SAL21478,Lawler,16,0
SAL21479,Lawloit,14,0
SAL21480,Lawrence,8,0
SAL21481,Leaghur,20,0
SAL21482,Learmonth,396,175
SAL21483,Ledcourt,43,195
SAL21484,Leichardt,167,215
SAL21485,Leigh Creek,65,260
SAL21486,Leitchville,576,150
SAL21487,Lemnos,251,270
SAL21488,Leneva,1317,390
SAL21489,Leonards Hill,47,288
SAL21490,Leongatha,5869,270
SAL21491,Leongatha North,141,245
SAL21492,Leongatha South,616,240
SAL21493,Leopold,13272,375
SAL21494,Lerderderg,0,0
SAL21495,Leslie Manor,66,150
SAL21496,Lethbridge,1181,350
SAL21497,Lexton,284,200
SAL21498,Licola,7,20
SAL21499,Licola North,9,0
SAL21500,Lillico,94,200
SAL21501,Lillicur,85,210
SAL21502,Lillimur,112,123
SAL21503,Lilliput,84,300
SAL21504,Lilydale,17348,369
SAL21505,Lima,92,200
SAL21506,Lima East,165,275
SAL21507,Lima South,142,300
SAL21508,Limestone,121,150
SAL21509,Lindenow,527,260
SAL21510,Lindenow South,475,280
SAL21511,Lindsay,9,0
SAL21512,Lindsay Point,32,100
SAL21513,Linga,13,0
SAL21514,Linton,635,300
SAL21515,Liparoo,33,138
SAL21516,Lismore,472,140
SAL21517,Litchfield,36,110
SAL21518,Little Desert,5,0
SAL21519,Little Hampton,74,275
SAL21520,Little River,1353,427
SAL21521,Llanelly,62,0
SAL21522,Llowalong,42,0
SAL21523,Loch,707,325
SAL21524,Loch Sport,1021,180
SAL21525,Loch Valley,0,0
SAL21526,Lockington,850,200
SAL21527,Locksley,131,265
SAL21528,Lockwood,806,275
SAL21529,Lockwood South,1052,320
SAL21530,Loddon Vale,24,0
SAL21531,Logan,59,200
SAL21532,Londrigan,159,0
SAL21533,Long Forest,343,520
SAL21534,Long Gully,3420,250
SAL21535,Longerenong,237,160
SAL21536,Longford,1489,274
SAL21537,Longlea,570,210
SAL21538,Longwarry,2436,330
SAL21539,Longwarry North,230,220
SAL21540,Longwood,263,261
SAL21541,Longwood East,131,175
SAL21542,Lorne,1327,363
SAL21543,Lorquon,8,0
SAL21544,Lovely Banks,2782,350
SAL21545,Lower Moira,30,0
SAL21546,Lower Norton,236,248
SAL21547,Lower Plenty,3962,400
SAL21548,Loy Yang,7,0
SAL21549,Lubeck,40,188
SAL21550,Lucas,2994,380
SAL21551,Lucknow,1439,290
SAL21552,Lucyvale,25,0
SAL21553,Lurg,220,157
SAL21554,Lynbrook,9121,401
SAL21555,Lyndhurst,8926,430
SAL21556,Lyons,31,165
SAL21557,Lyonville,189,310
SAL21558,Lysterfield,6681,435
SAL21559,Lysterfield South,994,640
SAL21560,Macarthur,469,158
SAL21561,Macclesfield,878,289
SAL21562,Macedon,2073,371
SAL21563,Macks Creek,35,310
SAL21564,Macleod,9892,396
SAL21565,Macorna,67,125
SAL21566,Macorna North,31,173
SAL21567,Macs Cove,121,206
SAL21568,Madalya,21,0
SAL21569,Maddingley,5491,366
SAL21570,Mafeking,20,0
SAL21571,Maffra,5384,250
SAL21572,Maffra West Upper,73,390
SAL21573,Magpie,368,270
SAL21574,Maiden Gully,5407,380
SAL21575,Maidstone,9389,381
SAL21576,Mailors Flat,490,230
SAL21577,Main Lead,42,175
SAL21578,Main Ridge,453,354
SAL21579,Maindample,239,303
SAL21580,Maintongoon,75,0
SAL21581,Major Plains,36,0
SAL21582,Majorca,198,100
SAL21583,Maldon,1665,268
SAL21584,Mallacoota,1183,221
SAL21585,Malmsbury,905,350
SAL21586,Malvern,9929,450
SAL21587,Malvern East,22296,421
SAL21588,Mambourin,315,363
SAL21589,Manangatang,274,130
SAL21590,Mandurang,753,310
SAL21591,Mandurang South,280,320
SAL21592,Mangalore,183,274
SAL21593,Manifold Heights,2681,310
SAL21594,Mannerim,108,490
SAL21595,Mannibadar,65,175
SAL21596,Manns Beach,29,0
SAL21597,Manor Lakes,12675,360
SAL21598,Manorina,7,0
SAL21599,Mansfield,5541,331
SAL21600,Maramingo Creek,6,0
SAL21601,Marcus Hill,164,300
SAL21602,Mardan,248,277
SAL21603,Marengo,272,282
SAL21604,Maribyrnong,12573,396
SAL21605,Marionvale,116,265
SAL21606,Markwood,230,230
SAL21607,Marlbed,6,0
SAL21608,Marlo,602,250
SAL21609,Marnoo,99,130
SAL21610,Marnoo East,6,0
SAL21611,Marnoo West,11,0
SAL21612,Marong,2005,350
SAL21613,Maroona,80,145
SAL21614,Marraweeney,77,250
SAL21615,Marshall,2299,390
SAL21616,Marthavale,0,0
SAL21617,Marungi,98,200
SAL21618,Maryborough,8160,240
SAL21619,Maryknoll,646,96
SAL21620,Marysville,501,300
SAL21621,Maryvale,43,105
SAL21622,Massey,23,0
SAL21623,Matlock,7,0
SAL21624,Maude,211,480
SAL21625,McCrae,3311,392
SAL21626,McIntyre,47,0
SAL21627,McKenzie Creek,140,250
SAL21628,McKenzie Hill,775,409
SAL21629,McKinnon,6878,516
SAL21630,McLoughlins Beach,121,215
SAL21631,McMahons Creek,143,260
SAL21632,McMillans,87,150
SAL21633,Mead,102,200
SAL21634,Meadow Creek,112,40
SAL21635,Meadow Heights,14890,346
SAL21636,Meatian,19,100
SAL21637,Meeniyan,840,250
SAL21638,Meering West,12,0
SAL21639,Meerlieu,90,166
SAL21640,Melbourne,54941,381
SAL21641,Melbourne Airport,64,0
SAL21642,Melton,7953,300
SAL21643,Melton South,11362,300
SAL21644,Melton West,8784,320
SAL21645,Melville Forest,63,150
SAL21646,Melwood,17,245
SAL21647,Mena Park,32,100
SAL21648,Mentone,13197,392
SAL21649,Menzies Creek,966,388
SAL21650,Mepunga,36,320
SAL21651,Mepunga East,73,180
SAL21652,Mepunga West,83,290
SAL21653,Merbein,2770,210
SAL21654,Merbein South,407,285
SAL21655,Merbein West,223,150
SAL21656,Meredith,821,300
SAL21657,Meringur,70,50
SAL21658,Merino,249,100
SAL21659,Mernda,23369,381
SAL21660,Merriang,182,300
SAL21661,Merriang South,43,270
SAL21662,Merricks,184,258
SAL21663,Merricks Beach,157,436
SAL21664,Merricks North,423,258
SAL21665,Merrigum,679,180
SAL21666,Merrijig,0,0
SAL21667,Merrijig,721,320
SAL21668,Merrimu,397,100
SAL21669,Merrinee,42,50
SAL21670,Merton,216,200
SAL21671,Metcalfe,190,311
SAL21672,Metcalfe East,25,480
SAL21673,Metung,1899,346
SAL21674,Mia Mia,213,240
SAL21675,Mickleham,17452,400
SAL21676,Middle Creek,22,120
SAL21677,Middle Park,4000,602
SAL21678,Middle Tarwin,91,180
SAL21679,Miepoll,223,270
SAL21680,Miga Lake,33,0
SAL21681,Milawa,588,304
SAL21682,Mildura,34565,280
SAL21683,Mill Park,28712,366
SAL21684,Millbrook,180,293
SAL21685,Millgrove,1666,305
SAL21686,Milloo,37,200
SAL21687,Milltown,46,258
SAL21688,Milnes Bridge,31,200
SAL21689,Mincha,62,150
SAL21690,Mincha West,16,115
SAL21691,Miners Rest,3829,360
SAL21692,Mingay,44,200
SAL21693,Minhamite,106,125
SAL21694,Minimay,64,96
SAL21695,Mininera,51,125
SAL21696,Minjah,65,200
SAL21697,Minmindie,13,120
SAL21698,Minyip,525,163
SAL21699,Miowera,0,0
SAL21700,Miralie,0,0
SAL21701,Miram,36,0
SAL21702,Mirboo,334,203
SAL21703,Mirboo North,2263,255
SAL21704,Mirimbah,0,0
SAL21705,Mirranatwa,31,125
SAL21706,Mitcham,16795,406
SAL21707,Mitchell Park,887,263
SAL21708,Mitchellstown,71,120
SAL21709,Mitiamo,116,150
SAL21710,Mitre,66,200
SAL21711,Mitta Mitta,171,155
SAL21712,Mittyack,12,0
SAL21713,Mockinya,30,0
SAL21714,Modella,169,320
SAL21715,Modewarre,277,400
SAL21716,Moe,9375,200
SAL21717,Moe South,529,344
SAL21718,Moggs Creek,120,396
SAL21719,Moglonemby,28,210
SAL21720,Mokepilly,6,0
SAL21721,Molesworth,91,351
SAL21722,Moliagul,80,178
SAL21723,Molka,34,165
SAL21724,Mollongghip,105,280
SAL21725,Mologa,20,0
SAL21726,Molyullah,160,260
SAL21727,Monbulk,3651,369
SAL21728,Monegeetta,207,190
SAL21729,Mongans Bridge,49,260
SAL21730,Monomak,0,0
SAL21731,Monomeith,69,150
SAL21732,Mont Albert,4948,451
SAL21733,Mont Albert North,5609,500
SAL21734,Montgomery,65,240
SAL21735,Montmorency,9250,420
SAL21736,Montrose,6900,365
SAL21737,Moolap,1825,290
SAL21738,Moolerr,23,0
SAL21739,Moolort,44,0
SAL21740,Moonambel,185,150
SAL21741,Moondarra,49,0
SAL21742,Moonee Ponds,16224,400
SAL21743,Moonlight Flat,85,280
SAL21744,Moonlight Flat,81,650
SAL21745,Moora,32,190
SAL21746,Moorabbin,6287,431
SAL21747,Moorabbin Airport,26,486
SAL21748,Moorabool,94,350
SAL21749,Mooralla,79,150
SAL21750,Moorilim,25,0
SAL21751,Moormbool West,43,180
SAL21752,Moornapa,5,0
SAL21753,Moorngag,75,100
SAL21754,Moorooduc,1004,351
SAL21755,Mooroolbark,23059,400
SAL21756,Mooroopna,8312,250
SAL21757,Mooroopna North,144,210
SAL21758,Mooroopna North West,67,230
SAL21759,Moranding,193,210
SAL21760,Mordialloc,8886,400
SAL21761,Morgiana,29,210
SAL21762,Moriac,852,410
SAL21763,Mornington,25759,400
SAL21764,Moroka,0,0
SAL21765,Morrisons,118,250
SAL21766,Morrl Morrl,0,0
SAL21767,Mortlake,1477,220
SAL21768,Morton Plains,10,0
SAL21769,Morwell,14389,215
SAL21770,Mossiface,138,305
SAL21771,Mount Alfred,39,220
SAL21772,Mount Beauty,910,270
SAL21773,Mount Beckworth,15,0
SAL21774,Mount Best,46,250
SAL21775,Mount Bolton,29,0
SAL21776,Mount Bruno,47,0
SAL21777,Mount Buffalo,5,220
SAL21778,Mount Buller,333,241
SAL21779,Mount Burnett,180,200
SAL21780,Mount Bute,61,126
SAL21781,Mount Camel,136,125
SAL21782,Mount Cameron,15,100
SAL21783,Mount Clear,3671,310
SAL21784,Mount Cole,21,165
SAL21785,Mount Cole Creek,10,0
SAL21786,Mount Cottrell,496,462
SAL21787,Mount Dandenong,1271,415
SAL21788,Mount Doran,118,0
SAL21789,Mount Dryden,8,0
SAL21790,Mount Duneed,6182,446
SAL21791,Mount Eccles,139,75
SAL21792,Mount Egerton,706,275
SAL21793,Mount Eliza,18734,512
SAL21794,Mount Emu,28,100
SAL21795,Mount Evelyn,9799,365
SAL21796,Mount Franklin,99,190
SAL21797,Mount Glasgow,92,0
SAL21798,Mount Helen,3011,345
SAL21799,Mount Hooghly,18,138
SAL21800,Mount Lonarch,44,0
SAL21801,Mount Macedon,1450,330
SAL21802,Mount Major,10,0
SAL21803,Mount Martha,19846,496
SAL21804,Mount Mercer,94,258
SAL21805,Mount Moriac,251,300
SAL21806,Mount Napier,16,0
SAL21807,Mount Pleasant,2225,280
SAL21808,Mount Prospect,41,0
SAL21809,Mount Richmond,42,0
SAL21810,Mount Rowan,295,400
SAL21811,Mount Sabine,0,0
SAL21812,Mount Tassie,0,0
SAL21813,Mount Taylor,330,290
SAL21814,Mount Toolebewong,119,280
SAL21815,Mount Wallace,117,275
SAL21816,Mount Waverley,35340,476
SAL21817,Mountain Bay,54,0
SAL21818,Mountain View,85,168
SAL21819,Moutajup,108,200
SAL21820,Moyhu,437,200
SAL21821,Moyreisk,31,180
SAL21822,Moyston,403,200
SAL21823,Muckatah,170,280
SAL21824,Muckleford,426,330
SAL21825,Muckleford South,33,0
SAL21826,Mudgegonga,184,350
SAL21827,Mulgrave,19889,430
SAL21828,Mumbannar,100,120
SAL21829,Mundoona,138,100
SAL21830,Munro,167,150
SAL21831,Muntham,29,0
SAL21832,Murchison,884,245
SAL21833,Murchison East,140,150
SAL21834,Murchison North,185,295
SAL21835,Murgheboluc,132,120
SAL21836,Murmungee,69,80
SAL21837,Murnungin,14,0
SAL21838,Murphys Creek,46,0
SAL21839,Murra Warra,63,750
SAL21840,Murrabit,230,158
SAL21841,Murrabit West,41,401
SAL21842,Murrawee,126,200
SAL21843,Murray-sunset,8,62
SAL21844,Murraydale,105,200
SAL21845,Murrayville,278,110
SAL21846,Murrindal,8,120
SAL21847,Murrindindi,114,245
SAL21848,Murroon,95,320
SAL21849,Murrumbeena,9996,386
SAL21850,Murtoa,897,178
SAL21851,Musk,177,250
SAL21852,Musk Vale,170,341
SAL21853,Muskerry,59,375
SAL21854,Myall,17,0
SAL21855,Myall,98,178
SAL21856,Myamyn,64,0
SAL21857,Myers Flat,545,190
SAL21858,Myola,7,270
SAL21859,Myrniong,387,355
SAL21860,Myrrhee,168,203
SAL21861,Myrtle Creek,68,0
SAL21862,Myrtlebank,126,120
SAL21863,Myrtleford,3285,250
SAL21864,Mysia,26,100
SAL21865,Mystic Park,212,200
SAL21866,Mywee,20,0
SAL21867,Nagambie,2254,295
SAL21868,Nalangil,72,180
SAL21869,Nalinga,22,160
SAL21870,Nambrok,280,250
SAL21871,Nandaly,30,140
SAL21872,Nangana,54,370
SAL21873,Nangeela,17,0
SAL21874,Nangiloc,153,185
SAL21875,Nanneella,425,200
SAL21876,Nap Nap Marra,0,0
SAL21877,Napoleons,555,200
SAL21878,Nar Nar Goon,1023,305
SAL21879,Nar Nar Goon North,819,361
SAL21880,Narbethong,201,191
SAL21881,Nareeb,48,220
SAL21882,Nareen,79,85
SAL21883,Nareewillock,24,0
SAL21884,Nariel Valley,87,165
SAL21885,Naring,122,250
SAL21886,Naringal,124,200
SAL21887,Naringal East,96,125
SAL21888,Naroghid,66,270
SAL21889,Narracan,262,200
SAL21890,Narraport,50,125
SAL21891,Narrapumelap South,31,0
SAL21892,Narrawong,462,250
SAL21893,Narre Warren,27689,360
SAL21894,Narre Warren East,434,565
SAL21895,Narre Warren North,8033,410
SAL21896,Narre Warren South,30909,401
SAL21897,Narrung,24,100
SAL21898,Nathalia,1982,194
SAL21899,Natimuk,548,195
SAL21900,Natte Yallock,89,140
SAL21901,Natya,40,0
SAL21902,Navarre,99,100
SAL21903,Navigators,276,350
SAL21904,Nayook,70,280
SAL21905,Neds Corner,3,0
SAL21906,Neereman,23,200
SAL21907,Neerim,218,300
SAL21908,Neerim East,196,166
SAL21909,Neerim Junction,139,250
SAL21910,Neerim North,41,200
SAL21911,Neerim South,1599,260
SAL21912,Neilborough,379,250
SAL21913,Nelse,0,0
SAL21914,Nelson,191,230
SAL21915,Nerrena,238,300
SAL21916,Nerrin Nerrin,48,346
SAL21917,Nerrina,970,380
SAL21918,Nerring,14,0
SAL21919,Netherby,111,97
SAL21920,Neuarpurr,56,150
SAL21921,New Gisborne,2509,451
SAL21922,Newborough,6886,230
SAL21923,Newbridge,171,200
SAL21924,Newbury,84,0
SAL21925,Newcomb,4704,320
SAL21926,Newfield,59,200
SAL21927,Newham,533,200
SAL21928,Newhaven,547,300
SAL21929,Newington,1844,315
SAL21930,Newlands Arm,866,335
SAL21931,Newlyn,136,240
SAL21932,Newlyn North,230,203
SAL21933,Newmerella,415,150
SAL21934,Newport,13658,471
SAL21935,Newry,451,243
SAL21936,Newstead,820,300
SAL21937,Newtown,189,103
SAL21938,Newtown,10445,360
SAL21939,Nhill,2401,200
SAL21940,Nichols Point,1723,225
SAL21941,Nicholson,1322,300
SAL21942,Niddrie,5901,432
SAL21943,Nilma,410,270
SAL21944,Nilma North,344,189
SAL21945,Ninda,9,0
SAL21946,Nine Mile,19,0
SAL21947,Nintingbool,168,0
SAL21948,Ninyeunook,13,0
SAL21949,Nirranda,50,160
SAL21950,Nirranda East,12,0
SAL21951,Nirranda South,90,100
SAL21952,Noble Park,32257,341
SAL21953,Noble Park North,7436,351
SAL21954,Noojee,177,277
SAL21955,Noorat,318,220
SAL21956,Noorat East,17,0
SAL21957,Noorinbee,84,158
SAL21958,Noorinbee North,37,0
SAL21959,Noradjuha,89,148
SAL21960,Norlane,8682,250
SAL21961,Normanville,34,145
SAL21962,Norong,130,210
SAL21963,North Bendigo,4277,285
SAL21964,North Blackwood,50,0
SAL21965,North Geelong,3225,315
SAL21966,North Melbourne,14953,381
SAL21967,North Shore,325,310
SAL21968,North Wangaratta,282,175
SAL21969,North Warrandyte,3027,526
SAL21970,North Wonthaggi,3475,300
SAL21971,Northcote,25276,475
SAL21972,Northwood,203,280
SAL21973,Norval,40,220
SAL21974,Notting Hill,2895,371
SAL21975,Nowa Nowa,199,210
SAL21976,Nowhere Creek,20,0
SAL21977,Nowie,24,175
SAL21978,Nug Nug,36,220
SAL21979,Nuggetty,64,180
SAL21980,Nulla Vale,96,150
SAL21981,Nullawarre,233,241
SAL21982,Nullawarre North,46,150
SAL21983,Nullawil,92,110
SAL21984,Numurkah,4604,210
SAL21985,Nunawading,12413,391
SAL21986,Nungurner,327,231
SAL21987,Nunniong,0,0
SAL21988,Nurcoung,33,0
SAL21989,Nurrabiel,43,200
SAL21990,Nurran,7,0
SAL21991,Nutfield,158,212
SAL21992,Nyah,536,210
SAL21993,Nyah West,673,188
SAL21994,Nyarrin,17,0
SAL21995,Nyerimilang,3,0
SAL21996,Nyora,1644,315
SAL21997,Nyrraby,18,110
SAL21998,Oak Park,6714,401
SAL21999,Oaklands Junction,439,462
SAL22000,Oakleigh,8442,410
SAL22001,Oakleigh East,6804,425
SAL22002,Oakleigh South,9851,418
SAL22003,Oakvale,19,0
SAL22004,Ocean Grange,5,0
SAL22005,Ocean Grove,17714,420
SAL22006,Officer,18503,396
SAL22007,Officer South,1159,393
SAL22008,Old Tallangatta,45,270
SAL22009,Olinda,1773,398
SAL22010,Ombersley,93,425
SAL22011,Omeo,411,225
SAL22012,Omeo Valley,9,0
SAL22013,Ondit,101,240
SAL22014,Orbost,2264,190
SAL22015,Orford,115,150
SAL22016,Ormond,8328,395
SAL22017,Orrvale,450,220
SAL22018,Osbornes Flat,285,220
SAL22019,Outtrim,270,250
SAL22020,Ouyen,1170,165
SAL22021,Ovens,197,183
SAL22022,Oxley,710,300
SAL22023,Oxley Flats,49,0
SAL22024,Ozenkadnook,25,140
SAL22025,Paaratte,36,300
SAL22026,Painswick,14,0
SAL22027,Pakenham,54118,351
SAL22028,Pakenham South,229,231
SAL22029,Pakenham Upper,1196,255
SAL22030,Panitya,67,0
SAL22031,Panmure,442,250
SAL22032,Panton Hill,1063,350
SAL22033,Paradise,41,302
SAL22034,Paradise Beach,172,193
SAL22035,Paraparap,167,300
SAL22036,Park Orchards,3835,601
SAL22037,Parkdale,12308,410
SAL22038,Parkville,7074,396
SAL22039,Parwan,188,238
SAL22040,Paschendale,33,150
SAL22041,Pascoe Vale,18171,400
SAL22042,Pascoe Vale South,10534,425
SAL22043,Pastoria,75,346
SAL22044,Pastoria East,51,0
SAL22045,Patchewollock,149,173
SAL22046,Patho,138,250
SAL22047,Patterson Lakes,7793,430
SAL22048,Patyah,58,150
SAL22049,Paynesville,3636,310
SAL22050,Pearcedale,3867,400
SAL22051,Pearsondale,125,250
SAL22052,Peechelba,177,250
SAL22053,Peechelba East,54,0
SAL22054,Pelluebla,29,210
SAL22055,Pennyroyal,110,150
SAL22056,Penshurst,677,175
SAL22057,Pental Island,159,340
SAL22058,Pentland Hills,158,350
SAL22059,Percydale,22,346
SAL22060,Peronne,49,0
SAL22061,Perry Bridge,72,215
SAL22062,Peterborough,322,275
SAL22063,Petticoat Creek,7,0
SAL22064,Pheasant Creek,360,300
SAL22065,Piangil,230,138
SAL22066,Picola,206,150
SAL22067,Picola West,14,100
SAL22068,Piedmont,52,0
SAL22069,Pier Milan,6,140
SAL22070,Pigeon Ponds,29,0
SAL22071,Piggoreet,17,0
SAL22072,Pimpinio,191,175
SAL22073,Pine Grove,40,900
SAL22074,Pine Lodge,267,250
SAL22075,Pine Mountain,32,0
SAL22076,Pine View,4,50
SAL22077,Pioneer Bay,365,280
SAL22078,Pipers Creek,189,300
SAL22079,Pira,16,0
SAL22080,Piries,66,396
SAL22081,Pirron Yallock,132,200
SAL22082,Pitfield,14,0
SAL22083,Pittong,12,100
SAL22084,Plenty,2575,392
SAL22085,Plumpton,79,450
SAL22086,Point Cook,66781,400
SAL22087,Point Leo,178,611
SAL22088,Point Lonsdale,3788,420
SAL22089,Point Wilson,0,0
SAL22090,Polisbet,5,0
SAL22091,Pomborneit,73,305
SAL22092,Pomborneit East,42,215
SAL22093,Pomborneit North,48,180
SAL22094,Pomonal,356,250
SAL22095,Pompapiel,38,125
SAL22096,Poolaijelo,26,0
SAL22097,Pootilla,79,300
SAL22098,Poowong,717,250
SAL22099,Poowong East,88,484
SAL22100,Poowong North,202,250
SAL22101,Porcupine Ridge,149,300
SAL22102,Porepunkah,1024,383
SAL22103,Port Albert,403,260
SAL22104,Port Campbell,440,240
SAL22105,Port Fairy,3742,300
SAL22106,Port Franklin,174,200
SAL22107,Port Melbourne,17633,540
SAL22108,Port Welshpool,220,220
SAL22109,Portarlington,4436,331
SAL22110,Portland,10016,250
SAL22111,Portland North,708,300
SAL22112,Portland West,619,300
SAL22113,Portsea,787,577
SAL22114,Pound Creek,126,230
SAL22115,Powelltown,214,300
SAL22116,Powers Creek,5,0
SAL22117,Powlett Plains,38,160
SAL22118,Prahran,12203,421
SAL22119,Prairie,37,0
SAL22120,Pranjip,28,280
SAL22121,Preston,33790,392
SAL22122,Princes Hill,2005,462
SAL22123,Princetown,236,216
SAL22124,Puckapunyal,1108,265
SAL22125,Pura Pura,47,120
SAL22126,Purdeet,21,0
SAL22127,Purnim,292,235
SAL22128,Purnim West,50,346
SAL22129,Pyalong,772,290
SAL22130,Pyramid Hill,598,170
SAL22131,Quambatook,229,80
SAL22132,Quandong,5,310
SAL22133,Quantong,354,215
SAL22134,Quarry Hill,2365,298
SAL22135,Queenscliff,1516,369
SAL22136,Raglan,223,200
SAL22137,Rainbow,672,100
SAL22138,Ranceby,83,100
SAL22139,Rathscar,19,0
SAL22140,Rathscar West,31,210
SAL22141,Ravenhall,2295,1500
SAL22142,Ravenswood,443,265
SAL22143,Ravenswood South,76,265
SAL22144,Rawson,296,210
SAL22145,Raymond Island,589,280
SAL22146,Raywood,329,220
SAL22147,Red Cliffs,5294,240
SAL22148,Red Hill,1009,461
SAL22149,Red Hill South,708,500
SAL22150,Red Lion,111,0
SAL22151,Redan,3000,255
SAL22152,Redbank,102,195
SAL22153,Redcastle,67,0
SAL22154,Redesdale,299,320
SAL22155,Reedy Creek,157,450
SAL22156,Reedy Dam,28,100
SAL22157,Reedy Flat,6,0
SAL22158,Reedy Lake,26,200
SAL22159,Reefton,102,0
SAL22160,Research,2695,431
SAL22161,Reservoir,51096,360
SAL22162,Reynard,0,0
SAL22163,Rheola,52,449
SAL22164,Rhyll,836,320
SAL22165,Rhymney,56,70
SAL22166,Riachella,13,0
SAL22167,Rich Avon,3,0
SAL22168,Rich Avon East,7,0
SAL22169,Rich Avon West,34,0
SAL22170,Richmond,28587,441
SAL22171,Richmond Plains,9,0
SAL22172,Riddells Creek,4390,400
SAL22173,Riggs Creek,31,0
SAL22174,Ringwood,19144,381
SAL22175,Ringwood East,10764,380
SAL22176,Ringwood North,9964,436
SAL22177,Ripplebrook,268,300
SAL22178,Rippleside,994,400
SAL22179,Ripponlea,1532,391
SAL22180,Riverside,287,280
SAL22181,Riverslea,165,110
SAL22182,Robertsons Beach,49,138
SAL22183,Robinvale,3497,220
SAL22184,Rochester,3154,220
SAL22185,Rochford,71,406
SAL22186,Rockbank,2583,360
SAL22187,Rocklands,25,2
SAL22188,Rocklyn,43,200
SAL22189,Rocky Point,4,0
SAL22190,Rokeby,213,261
SAL22191,Rokewood,208,215
SAL22192,Rokewood Junction,34,0
SAL22193,Romsey,5797,380
SAL22194,Rosanna,8616,421
SAL22195,Rose River,26,0
SAL22196,Rosebery,0,0
SAL22197,Rosebrook,128,300
SAL22198,Rosebud,14381,350
SAL22199,Rosedale,1729,250
SAL22200,Roses Gap,7,0
SAL22201,Rosewhite,141,250
SAL22202,Roslynmead,49,280
SAL22203,Ross Creek,1221,310
SAL22204,Rossbridge,27,80
SAL22205,Rostron,10,0
SAL22206,Rowsley,231,375
SAL22207,Rowville,33571,441
SAL22208,Roxburgh Park,24129,390
SAL22209,Rubicon,44,218
SAL22210,Ruby,187,320
SAL22211,Ruffy,164,150
SAL22212,Running Creek,36,195
SAL22213,Runnymede,64,230
SAL22214,Rupanyup,545,165
SAL22215,Rushworth,1411,190
SAL22216,Russells Bridge,70,200
SAL22217,Rutherglen,2579,250
SAL22218,Ryans,0,0
SAL22219,Ryanston,324,350
SAL22220,Rye,9438,372
SAL22221,Rythdale,33,272
SAL22222,Safety Beach,6328,460
SAL22223,Sailors Falls,79,246
SAL22224,Sailors Gully,743,290
SAL22225,Sailors Hill,72,370
SAL22226,Sale,14296,280
SAL22227,Salisbury West,38,138
SAL22228,Samaria,57,163
SAL22229,San Remo,1700,301
SAL22230,Sandford,130,220
SAL22231,Sandhill Lake,9,0
SAL22232,Sandhurst,5211,530
SAL22233,Sandon,89,330
SAL22234,Sandringham,10926,460
SAL22235,Sandy Creek,200,220
SAL22236,Sandy Point,312,280
SAL22237,Sargood,0,0
SAL22238,Sarsfield,543,200
SAL22239,Sassafras,970,410
SAL22240,Sawmill Settlement,86,289
SAL22241,Scarsdale,855,240
SAL22242,Scoresby,6066,406
SAL22243,Scotchmans Lead,105,0
SAL22244,Scotsburn,244,275
SAL22245,Scotts Creek,214,260
SAL22246,Sea Lake,619,140
SAL22247,Seabrook,4952,361
SAL22248,Seacombe,15,0
SAL22249,Seaford,17215,351
SAL22250,Seaholme,2067,451
SAL22251,Seaspray,373,220
SAL22252,Seaton,161,375
SAL22253,Seaview,140,350
SAL22254,Sebastian,251,250
SAL22255,Sebastopol,10194,270
SAL22256,Seddon,5143,460
SAL22257,Sedgwick,614,335
SAL22258,Selby,1626,400
SAL22259,Selwyn,0,0
SAL22260,Separation Creek,28,0
SAL22261,Serpentine,222,100
SAL22262,Serviceton,129,150
SAL22263,Seville,2559,369
SAL22264,Seville East,837,363
SAL22265,Seymour,6569,250
SAL22266,Shady Creek,186,200
SAL22267,Shays Flat,3,0
SAL22268,She Oaks,126,370
SAL22269,Sheans Creek,38,315
SAL22270,Sheep Hills,27,50
SAL22271,Shelbourne,423,200
SAL22272,Shelford,263,300
SAL22273,Shelley,5,0
SAL22274,Shepherds Flat,71,145
SAL22275,Shepparton,32067,270
SAL22276,Shepparton East,1192,231
SAL22277,Shepparton North,2048,360
SAL22278,Sherbrooke,294,355
SAL22279,Shoreham,679,421
SAL22280,Sidonia,28,150
SAL22281,Silvan,1323,350
SAL22282,Silverleaves,322,335
SAL22283,Simpson,583,228
SAL22284,Simpsons Creek,39,0
SAL22285,Simson,76,214
SAL22286,Skenes Creek,249,295
SAL22287,Skenes Creek North,19,0
SAL22288,Skibo,70,220
SAL22289,Skinners Flat,27,75
SAL22290,Skipton,609,194
SAL22291,Skye,8088,410
SAL22292,Slaty Creek,34,0
SAL22293,Smeaton,245,180
SAL22294,Smiths Beach,315,330
SAL22295,Smiths Gully,356,278
SAL22296,Smokeytown,32,250
SAL22297,Smoko,56,260
SAL22298,Smythes Creek,1762,395
SAL22299,Smythesdale,1189,300
SAL22300,Snake Island,0,0
SAL22301,Snake Valley,820,250
SAL22302,Soldiers Hill,2813,300
SAL22303,Somers,1857,391
SAL22304,Somerton,6,115
SAL22305,Somerville,11767,380
SAL22306,Sorrento,2013,462
SAL22307,South Dudley,421,290
SAL22308,South Geelong,1014,350
SAL22309,South Kingsville,2156,381
SAL22310,South Melbourne,11548,421
SAL22311,South Morang,24989,390
SAL22312,South Purrumbete,124,275
SAL22313,South Wharf,71,622
SAL22314,South Yarra,25028,415
SAL22315,Southbank,22631,411
SAL22316,Southern Cross,128,300
SAL22317,Spargo Creek,42,0
SAL22318,Speed,53,53
SAL22319,Spotswood,2820,456
SAL22320,Spring Gully,3092,290
SAL22321,Spring Hill,200,350
SAL22322,Springbank,117,200
SAL22323,Springdallah,35,0
SAL22324,Springfield,9,0
SAL22325,Springfield,193,391
SAL22326,Springhurst,349,230
SAL22327,Springmount,184,200
SAL22328,Springvale,22174,357
SAL22329,Springvale South,12766,351
SAL22330,St Albans,38042,325
SAL22331,St Albans Park,4942,330
SAL22332,St Andrews,1186,340
SAL22333,St Andrews Beach,974,360
SAL22334,St Arnaud,2318,188
SAL22335,St Arnaud East,100,0
SAL22336,St Arnaud North,43,200
SAL22337,St Clair,44,150
SAL22338,St Germains,75,225
SAL22339,St Helena,2890,163
SAL22340,St Helens,34,100
SAL22341,St Helens Plains,40,80
SAL22342,St James,123,236
SAL22343,St Kilda,19490,381
SAL22344,St Kilda East,12571,396
SAL22345,St Kilda West,2951,385
SAL22346,St Leonards,3542,350
SAL22347,Staceys Bridge,44,160
SAL22348,Staffordshire Reef,63,135
SAL22349,Staghorn Flat,368,310
SAL22350,Stanhope,826,198
SAL22351,Stanley,371,288
SAL22352,Staughton Vale,105,0
SAL22353,Stavely,47,80
SAL22354,Stawell,6220,210
SAL22355,Steels Creek,276,509
SAL22356,Steiglitz,61,0
SAL22357,Stewarton,118,265
SAL22358,Stirling,0,0
SAL22359,Stockdale,41,200
SAL22360,Stockyard Hill,49,138
SAL22361,Stonehaven,79,485
SAL22362,Stoneleigh,45,200
SAL22363,Stony Creek,0,0
SAL22364,Stony Creek,310,260
SAL22365,Stonyford,65,260
SAL22366,Stradbroke,187,320
SAL22367,Strangways,101,225
SAL22368,Straten,11,0
SAL22369,Stratford,2980,290
SAL22370,Strath Creek,231,250
SAL22371,Strathallan,180,178
SAL22372,Strathbogie,351,250
SAL22373,Strathdale,5756,300
SAL22374,Strathdownie,176,50
SAL22375,Strathewen,198,351
SAL22376,Strathfieldsaye,6850,400
SAL22377,Strathkellar,84,180
SAL22378,Strathlea,33,135
SAL22379,Strathmerton,1072,210
SAL22380,Strathmore,8980,450
SAL22381,Strathmore Heights,1047,448
SAL22382,Strathtulloh,3997,380
SAL22383,Streatham,158,150
SAL22384,Strzelecki,107,388
SAL22385,Stuart Mill,78,205
SAL22386,Sugarloaf,20,0
SAL22387,Sugarloaf Creek,255,200
SAL22388,Suggan Buggan,5,175
SAL22389,Sulky,234,203
SAL22390,Summerlands,0,0
SAL22391,Sunbury,38851,361
SAL22392,Sunday Creek,368,270
SAL22393,Sunderland Bay,306,316
SAL22394,Sunset Strip,503,350
SAL22395,Sunshine,9445,340
SAL22396,Sunshine North,12047,341
SAL22397,Sunshine West,18552,346
SAL22398,Surf Beach,670,316
SAL22399,Surrey Hills,13655,462
SAL22400,Sutherland,16,0
SAL22401,Sutherlands Creek,129,175
SAL22402,Sutton,3,0
SAL22403,Sutton Grange,160,275
SAL22404,Swan Bay,103,250
SAL22405,Swan Hill,11186,235
SAL22406,Swan Hill West,11,0
SAL22407,Swan Island,0,0
SAL22408,Swan Marsh,127,200
SAL22409,Swan Reach,861,210
SAL22410,Swanpool,227,220
SAL22411,Swanwater,10,0
SAL22412,Swanwater West,17,100
SAL22413,Swifts Creek,232,120
SAL22414,Sydenham,10578,369
SAL22415,Sylvaterre,22,150
SAL22416,Tabberabbera,0,0
SAL22417,Tabilk,160,207
SAL22418,Tabor,38,230
SAL22419,Taggerty,405,250
SAL22420,Tahara,30,200
SAL22421,Tahara Bridge,20,300
SAL22422,Tahara West,17,0
SAL22423,Talbot,452,160
SAL22424,Talgarno,245,208
SAL22425,Tallandoon,92,100
SAL22426,Tallangatta,1175,240
SAL22427,Tallangatta East,39,0
SAL22428,Tallangatta South,142,150
SAL22429,Tallangatta Valley,194,241
SAL22430,Tallarook,748,263
SAL22431,Tallygaroopna,600,285
SAL22432,Tambo Crossing,25,0
SAL22433,Tambo Upper,325,268
SAL22434,Tamboon,3,0
SAL22435,Tamboritha,0,0
SAL22436,Taminick,139,300
SAL22437,Tamleugh,54,0
SAL22438,Tamleugh North,24,0
SAL22439,Tandarook,46,250
SAL22440,Tandarra,55,0
SAL22441,Tangambalanga,908,250
SAL22442,Tanjil,0,0
SAL22443,Tanjil Bren,7,0
SAL22444,Tanjil South,540,235
SAL22445,Tanwood,15,300
SAL22446,Tanybryn,15,0
SAL22447,Taradale,524,277
SAL22448,Tarcombe,32,335
SAL22449,Tarilta,26,0
SAL22450,Tarnagulla,153,155
SAL22451,Tarneit,56370,380
SAL22452,Tarnook,103,0
SAL22453,Taroon,25,200
SAL22454,Tarra Valley,85,150
SAL22455,Tarranyurk,36,135
SAL22456,Tarraville,69,0
SAL22457,Tarrawarra,81,96
SAL22458,Tarrawingee,416,250
SAL22459,Tarrayoukyan,25,0
SAL22460,Tarrengower,56,265
SAL22461,Tarrenlea,25,0
SAL22462,Tarrington,328,215
SAL22463,Tarrone,69,180
SAL22464,Tarwin,59,150
SAL22465,Tarwin Lower,462,210
SAL22466,Tatong,281,200
SAL22467,Tatura,4955,245
SAL22468,Tatura East,135,280
SAL22469,Tatyoon,130,135
SAL22470,Tawonga,568,220
SAL22471,Tawonga South,1012,285
SAL22472,Taylor Bay,76,320
SAL22473,Taylors Hill,15419,420
SAL22474,Taylors Lakes,15174,411
SAL22475,Teal Point,54,100
SAL22476,Tecoma,2064,348
SAL22477,Teddywaddy,23,0
SAL22478,Teddywaddy West,12,100
SAL22479,Teesdale,2308,400
SAL22480,Telangatuk East,75,80
SAL22481,Telford,21,285
SAL22482,Telopea Downs,44,160
SAL22483,Templestowe,16966,513
SAL22484,Templestowe Lower,14098,475
SAL22485,Tempy,62,0
SAL22486,Tenby Point,206,325
SAL22487,Tennyson,60,250
SAL22488,Terang,2254,225
SAL22489,Terip Terip,72,250
SAL22490,Terrappee,20,0
SAL22491,Terrick Terrick,8,0
SAL22492,Terrick Terrick East,8,0
SAL22493,Tesbury,110,200
SAL22494,Tetoora Road,93,200
SAL22495,Thalia,4,0
SAL22496,The Basin,4497,365
SAL22497,The Cove,18,100
SAL22498,The Gurdies,243,260
SAL22499,The Heart,30,0
SAL22500,The Honeysuckles,131,100
SAL22501,The Patch,1046,415
SAL22502,The Sisters,110,200
SAL22503,Thologolong,22,100
SAL22504,Thomastown,20234,350
SAL22505,Thomson,0,0
SAL22506,Thomson,1606,295
SAL22507,Thoona,133,149
SAL22508,Thornbury,19005,391
SAL22509,Thornhill Park,3066,380
SAL22510,Thornton,311,258
SAL22511,Thorpdale,475,250
SAL22512,Thorpdale South,27,160
SAL22513,Thowgla Valley,70,130
SAL22514,Three Bridges,188,230
SAL22515,Timbarra,0,0
SAL22516,Timboon,1250,260
SAL22517,Timboon West,57,25
SAL22518,Timmering,90,200
SAL22519,Timor,68,0
SAL22520,Timor West,23,300
SAL22521,Tinamba,358,237
SAL22522,Tinamba West,63,250
SAL22523,Tintaldra,66,250
SAL22524,Tittybong,3,0
SAL22525,Tol Tol,175,260
SAL22526,Tolmie,547,300
SAL22527,Tom Groggin,7,0
SAL22528,Tongala,1973,200
SAL22529,Tonghi Creek,5,150
SAL22530,Tongio,50,190
SAL22531,Tonimbuk,229,260
SAL22532,Tooan,23,0
SAL22533,Tooborac,319,250
SAL22534,Toolamba,822,250
SAL22535,Toolamba West,110,200
SAL22536,Toolangi,366,236
SAL22537,Toolern Vale,818,385
SAL22538,Toolleen,221,260
SAL22539,Toolome,0,0
SAL22540,Toolondo,74,163
SAL22541,Toolong,88,150
SAL22542,Toombon,0,0
SAL22543,Toongabbie,1085,270
SAL22544,Toora,713,230
SAL22545,Toora North,107,299
SAL22546,Tooradin,1722,350
SAL22547,Toorak,12817,486
SAL22548,Toorloo Arm,509,170
SAL22549,Toorongo,0,0
SAL22550,Tootgarook,3178,360
SAL22551,Torquay,18534,500
SAL22552,Torrita,51,0
SAL22553,Torrumbarry,257,200
SAL22554,Torwood,49,412
SAL22555,Tostaree,23,295
SAL22556,Tottenham,3,150
SAL22557,Tottington,5,0
SAL22558,Tourello,46,85
SAL22559,Towan,13,0
SAL22560,Towaninny,4,0
SAL22561,Towaninny South,0,0
SAL22562,Tower Hill,83,278
SAL22563,Towong,143,175
SAL22564,Towong Upper,37,0
SAL22565,Trafalgar,4349,300
SAL22566,Trafalgar East,401,270
SAL22567,Trafalgar South,305,310
SAL22568,Tragowel,83,0
SAL22569,Traralgon,26907,275
SAL22570,Traralgon East,1780,400
SAL22571,Traralgon South,553,260
SAL22572,Travancore,2116,351
SAL22573,Trawalla,140,150
SAL22574,Trawool,90,300
SAL22575,Traynors Lagoon,22,0
SAL22576,Tremont,69,401
SAL22577,Trentham,1382,386
SAL22578,Trentham East,181,257
SAL22579,Tresco,162,170
SAL22580,Tresco West,153,210
SAL22581,Trida,87,280
SAL22582,Truganina,36305,390
SAL22583,Tubbut,13,240
SAL22584,Tuerong,357,295
SAL22585,Tulkara,9,100
SAL22586,Tullamarine,6733,355
SAL22587,Tungamah,449,150
SAL22588,Turoar,8,0
SAL22589,Turriff,30,0
SAL22590,Turriff East,7,0
SAL22591,Turtons Creek,33,285
SAL22592,Tutye,21,0
SAL22593,Tyaak,85,0
SAL22594,Tyabb,3449,383
SAL22595,Tyenna,4,0
SAL22596,Tyers,893,240
SAL22597,Tylden,645,350
SAL22598,Tynong,523,311
SAL22599,Tynong North,440,235
SAL22600,Tyntynder,157,160
SAL22601,Tyntynder South,250,250
SAL22602,Tyrendarra,198,205
SAL22603,Tyrendarra East,19,25
SAL22604,Tyrrell,16,0
SAL22605,Tyrrell Downs,9,0
SAL22606,Ullina,25,0
SAL22607,Ullswater,47,200
SAL22608,Ultima,173,180
SAL22609,Ultima East,0,0
SAL22610,Ulupna,17,0
SAL22611,Undera,450,235
SAL22612,Underbool,215,150
SAL22613,Upotipotpon,56,350
SAL22614,Upper Ferntree Gully,3417,369
SAL22615,Upper Gundowring,120,250
SAL22616,Upper Lurg,107,264
SAL22617,Upper Plenty,415,310
SAL22618,Upper Ryans Creek,40,0
SAL22619,Upton Hill,29,180
SAL22620,Upwey,6818,390
SAL22621,Valencia Creek,187,170
SAL22622,Vasey,45,92
SAL22623,Vaughan,55,300
SAL22624,Vectis,184,225
SAL22625,Ventnor,982,328
SAL22626,Venus Bay,904,280
SAL22627,Vermont,10993,426
SAL22628,Vermont South,11954,496
SAL22629,Vervale,44,300
SAL22630,Vesper,50,145
SAL22631,Victoria Point,16,0
SAL22632,Victoria Valley,65,115
SAL22633,Viewbank,7030,451
SAL22634,Vinifera,163,135
SAL22635,Violet Town,936,250
SAL22636,Vite Vite,37,0
SAL22637,Vite Vite North,32,50
SAL22638,W Tree,47,50
SAL22639,Waaia,420,195
SAL22640,Waanyarra,57,360
SAL22641,Waarre,0,0
SAL22642,Wabonga,0,0
SAL22643,Waggarandall,52,0
SAL22644,Wahgunyah,1061,230
SAL22645,Wahring,88,320
SAL22646,Wail,44,200
SAL22647,Wairewa,67,150
SAL22648,Waitchie,43,0
SAL22649,Wal Wal,37,0
SAL22650,Waldara,677,300
SAL22651,Walhalla,35,162
SAL22652,Walhalla East,0,0
SAL22653,Walkerville,130,458
SAL22654,Walkerville North,5,0
SAL22655,Walkerville South,13,0
SAL22656,Wallace,227,250
SAL22657,Wallacedale,94,235
SAL22658,Wallagaraugh,0,0
SAL22659,Wallaloo,11,0
SAL22660,Wallaloo East,12,0
SAL22661,Wallan,15004,360
SAL22662,Wallinduc,42,150
SAL22663,Wallington,1515,325
SAL22664,Wallup,28,89
SAL22665,Walmer,262,331
SAL22666,Walpa,157,120
SAL22667,Walpeup,171,125
SAL22668,Walwa,191,160
SAL22669,Wandana Heights,2195,410
SAL22670,Wandella,67,163
SAL22671,Wandiligong,522,275
SAL22672,Wandin East,408,316
SAL22673,Wandin North,3132,368
SAL22674,Wando Bridge,41,150
SAL22675,Wando Vale,96,100
SAL22676,Wandong,1477,305
SAL22677,Wandown,0,0
SAL22678,Wangandary,217,375
SAL22679,Wangarabell,8,0
SAL22680,Wangaratta,19214,260
SAL22681,Wangaratta South,550,250
SAL22682,Wangie,11,0
SAL22683,Wangoom,237,280
SAL22684,Wannon,124,100
SAL22685,Wantirna,14237,428
SAL22686,Wantirna South,20754,441
SAL22687,Waranga Shores,314,200
SAL22688,Waratah Bay,48,2358
SAL22689,Warburton,2020,290
SAL22690,Wareek,72,150
SAL22691,Wargan,53,231
SAL22692,Warmur,31,0
SAL22693,Warncoort,146,300
SAL22694,Warne,13,0
SAL22695,Warneet,565,336
SAL22696,Warrabkook,42,135
SAL22697,Warracknabeal,2359,180
SAL22698,Warragul,19856,321
SAL22699,Warragul South,280,300
SAL22700,Warragul West,33,380
SAL22701,Warrak,68,275
SAL22702,Warrandyte,5541,492
SAL22703,Warrandyte South,671,500
SAL22704,Warranwood,4820,423
SAL22705,Warrayure,50,120
SAL22706,Warrenbayne,144,254
SAL22707,Warrenheip,721,229
SAL22708,Warrenmang,16,155
SAL22709,Warrion,204,310
SAL22710,Warrnambool,31308,290
SAL22711,Warrock,46,140
SAL22712,Warrong,77,190
SAL22713,Wartook,88,140
SAL22714,Watchem,124,175
SAL22715,Watchem West,29,150
SAL22716,Watchupga,43,50
SAL22717,Waterford Park,217,285
SAL22718,Waterholes,12,0
SAL22719,Waterloo,122,165
SAL22720,Waterways,2422,623
SAL22721,Watsonia,5352,385
SAL22722,Watsonia North,3799,401
SAL22723,Watsons Creek,58,542
SAL22724,Wattle Bank,250,204
SAL22725,Wattle Creek,0,0
SAL22726,Wattle Flat,104,0
SAL22727,Wattle Glen,1911,420
SAL22728,Wattle Hill,11,0
SAL22729,Waubra,308,200
SAL22730,Waurn Ponds,4956,430
SAL22731,Waygara,20,0
SAL22732,Weatherboard,52,205
SAL22733,Wedderburn,951,174
SAL22734,Wedderburn Junction,20,0
SAL22735,Wee Wee Rup,31,263
SAL22736,Weeaproinah,15,175
SAL22737,Weering,62,220
SAL22738,Weerite,121,200
SAL22739,Wehla,41,125
SAL22740,Weir Views,4348,352
SAL22741,Wellsford,144,200
SAL22742,Welshmans Reef,210,327
SAL22743,Welshpool,361,220
SAL22744,Wemen,128,135
SAL22745,Wendouree,10376,250
SAL22746,Wensleydale,95,400
SAL22747,Wentworth,0,0
SAL22748,Werneth,66,153
SAL22749,Werona,43,115
SAL22750,Werribee,50027,330
SAL22751,Werribee South,2392,350
SAL22752,Werrimull,97,90
SAL22753,Wesburn,1052,350
SAL22754,West Bendigo,378,235
SAL22755,West Creek,113,210
SAL22756,West Footscray,11729,351
SAL22757,West Melbourne,8025,388
SAL22758,West Wodonga,14794,290
SAL22759,Westbury,163,300
SAL22760,Westby,27,150
SAL22761,Westmeadows,6502,360
SAL22762,Westmere,62,35
SAL22763,Whanregarwen,130,270
SAL22764,Wharparilla,483,275
SAL22765,Wheatsheaf,252,266
SAL22766,Wheelers Hill,20652,481
SAL22767,Whipstick,18,0
SAL22768,Whirily,25,0
SAL22769,White Hills,3620,300
SAL22770,Whiteheads Creek,347,295
SAL22771,Whitelaw,30,250
SAL22772,Whitfield,220,200
SAL22773,Whitlands,37,275
SAL22774,Whittington,3990,250
SAL22775,Whittlesea,6117,347
SAL22776,Whoorel,25,0
SAL22777,Whorouly,383,268
SAL22778,Whorouly East,92,250
SAL22779,Whorouly South,64,400
SAL22780,Whroo,45,381
SAL22781,Wickliffe,123,125
SAL22782,Wilby,192,130
SAL22783,Wild Dog Valley,78,0
SAL22784,Wildwood,244,550
SAL22785,Wilkur,28,0
SAL22786,Willangie,35,250
SAL22787,Willatook,53,225
SAL22788,Willaura,439,155
SAL22789,Willaura North,33,0
SAL22790,Willenabrina,17,0
SAL22791,Williams Landing,9448,420
SAL22792,Williamstown,14407,450
SAL22793,Williamstown North,1622,400
SAL22794,Willow Grove,654,243
SAL22795,Willowmavin,241,300
SAL22796,Willowvale,10,0
SAL22797,Willung,77,300
SAL22798,Willung South,146,350
SAL22799,Wilsons Hill,88,175
SAL22800,Wilsons Promontory,16,100
SAL22801,Wimbledon Heights,421,330
SAL22802,Winchelsea,2456,295
SAL22803,Winchelsea South,171,200
SAL22804,Windermere,96,200
SAL22805,Windsor,7273,411
SAL22806,Wingan River,4,0
SAL22807,Wingeel,26,235
SAL22808,Winjallok,18,0
SAL22809,Winlaton,0,160
SAL22810,Winnambool,8,0
SAL22811,Winnap,14,0
SAL22812,Winnindoo,127,180
SAL22813,Winslow,436,220
SAL22814,Winter Valley,3440,390
SAL22815,Winton,103,308
SAL22816,Winton North,8,115
SAL22817,Wirrate,3,0
SAL22818,Wiseleigh,177,245
SAL22819,Wodonga,20259,280
SAL22820,Wollert,24407,391
SAL22821,Wombat Creek,26,390
SAL22822,Wombelano,49,111
SAL22823,Won Wron,196,250
SAL22824,Wonga,44,250
SAL22825,Wonga Park,3843,491
SAL22826,Wongarra,47,148
SAL22827,Wongungarra,0,0
SAL22828,Wonnangatta,0,0
SAL22829,Wonthaggi,5215,270
SAL22830,Wonwondah,114,345
SAL22831,Wonyip,39,263
SAL22832,Wood Wood,91,220
SAL22833,Woodend,6732,400
SAL22834,Woodend North,315,630
SAL22835,Woodfield,62,276
SAL22836,Woodford,436,300
SAL22837,Woodglen,52,615
SAL22838,Woodhouse,34,450
SAL22839,Woodleigh,126,220
SAL22840,Woods Point,33,92
SAL22841,Woodside,374,260
SAL22842,Woodside Beach,114,236
SAL22843,Woodstock,150,390
SAL22844,Woodstock On Loddon,36,295
SAL22845,Woodstock West,45,300
SAL22846,Woodvale,556,350
SAL22847,Wool Wool,55,160
SAL22848,Woolamai,245,290
SAL22849,Woolenook,0,0
SAL22850,Woolshed Flat,13,0
SAL22851,Woolsthorpe,364,200
SAL22852,Woomelang,191,100
SAL22853,Wooragee,342,110
SAL22854,Woorarra East,43,240
SAL22855,Woorarra West,48,230
SAL22856,Wooreen,91,300
SAL22857,Woori Yallock,2964,346
SAL22858,Woorinen,262,300
SAL22859,Woorinen North,94,165
SAL22860,Woorinen South,404,175
SAL22861,Woorndoo,160,125
SAL22862,Wooroonook,26,0
SAL22863,Woosang,12,125
SAL22864,Wootong Vale,32,0
SAL22865,Worrowing,0,0
SAL22866,Wrathung,0,0
SAL22867,Wrixon,0,0
SAL22868,Wroxham,0,0
SAL22869,Wuk Wuk,86,175
SAL22870,Wulgulmerang,18,0
SAL22871,Wulgulmerang East,12,0
SAL22872,Wulgulmerang West,0,0
SAL22873,Wunghnu,326,250
SAL22874,Wurdiboluc,147,115
SAL22875,Wurruk,1177,250
SAL22876,Wy Yung,1940,278
SAL22877,Wycheproof,610,150
SAL22878,Wycheproof South,6,0
SAL22879,Wychitella,29,0
SAL22880,Wychitella North,18,0
SAL22881,Wye River,67,301
SAL22882,Wyelangta,40,200
SAL22883,Wyndham Vale,20518,343
SAL22884,Wyuna,278,138
SAL22885,Wyuna East,106,1000
SAL22886,Yaapeet,75,50
SAL22887,Yabba North,104,175
SAL22888,Yabba South,32,323
SAL22889,Yackandandah,2008,306
SAL22890,Yalca,222,250
SAL22891,Yalla-Y-Poora,13,181
SAL22892,Yallambie,4161,340
SAL22893,Yallourn,143,295
SAL22894,Yallourn North,1511,220
SAL22895,Yalmy,0,0
SAL22896,Yambuk,284,255
SAL22897,Yambuna,109,210
SAL22898,Yan Yean,246,388
SAL22899,Yanac,69,75
SAL22900,Yanakie,283,220
SAL22901,Yando,45,200
SAL22902,Yandoit,181,285
SAL22903,Yandoit Hills,44,0
SAL22904,Yangery,113,170
SAL22905,Yangoura,0,0
SAL22906,Yannathan,272,200
SAL22907,Yapeen,272,160
SAL22908,Yarck,194,200
SAL22909,Yarpturk,63,190
SAL22910,Yarra Glen,3012,380
SAL22911,Yarra Junction,2875,300
SAL22912,Yarraberb,17,0
SAL22913,Yarragon,1893,320
SAL22914,Yarragon South,204,345
SAL22915,Yarram,2136,225
SAL22916,Yarrambat,1602,450
SAL22917,Yarraville,15636,462
SAL22918,Yarrawalla,78,150
SAL22919,Yarrawonga,8661,290
SAL22920,Yarrawonga South,15,160
SAL22921,Yarroweyah,551,215
SAL22922,Yatchaw,35,231
SAL22923,Yawong Hills,5,0
SAL22924,Yea,1789,300
SAL22925,Yellingbo,582,340
SAL22926,Yelta,325,185
SAL22927,Yendon,320,200
SAL22928,Yeo,124,308
SAL22929,Yeodene,107,180
SAL22930,Yering,138,0
SAL22931,Yeungroon,34,0
SAL22932,Yeungroon East,11,100
SAL22933,Yielima,93,300
SAL22934,Yinnar,1021,245
SAL22935,Yinnar South,675,250
SAL22936,York Plains,0,0
SAL22937,Youanmite,56,110
SAL22938,Youarang,34,180
SAL22939,Yulecart,128,300
SAL22940,Yundool,52,239
SAL22941,Yuroke,123,278
SAL22942,Yuulong,49,84
SAL22943,Zeerust,147,230
SAL22944,Zumsteins,0,0